Profile Name,Esn,Device Type,Acct First Playback Date,Acct Last Playback Date,Acct First Playback Date For User Generated Plays,Acct Last Playback Date For User Generated Plays,Profile First Playback Date,Profile Last Playback Date,Profile First Playback Date For User Generated Plays,Profile Last Playback Date For User Generated Plays,Deactivation Time
Mom,NFCDIE-03-J1P4DH3FLHXDC85JHQUPNC84H3VRT1,Edge OSS - Windows (Cadmium),,,,,,,,,
Guest,NFCDIE-03-J1P4DH3FLHXDC85JHQUPNC84H3VRT1,Edge OSS - Windows (Cadmium),,,,,,,,,
Tree,NFCDIE-03-J1P4DH3FLHXDC85JHQUPNC84H3VRT1,Edge OSS - Windows (Cadmium),,,,,,,,,
Dad,NFCDIE-03-J1P4DH3FLHXDC85JHQUPNC84H3VRT1,Edge OSS - Windows (Cadmium),,,,,,,,,
Mom,NFANDROID2-PRV-FTVET31DOVI2020-AMAZOAFTDCT31-16306-1360699F7E985F3E9E189C9F4A7E02B2A6B38ADD14DBC1B0F7250F15D0B6A1E1,Amazon FTVET31DOVI2020 Smart TV,2020-11-04T04:12:01.356Z,2022-05-22T16:23:29.855Z,2020-11-04T04:12:01.356Z,2022-05-22T14:59:13.824Z,2020-11-04T04:12:01.356Z,2022-05-22T16:23:29.855Z,2020-11-04T04:12:01.356Z,2022-05-21T15:56:07.156Z,
Tree,NFANDROID2-PRV-FTVET31DOVI2020-AMAZOAFTDCT31-16306-1360699F7E985F3E9E189C9F4A7E02B2A6B38ADD14DBC1B0F7250F15D0B6A1E1,Amazon FTVET31DOVI2020 Smart TV,2020-11-04T04:12:01.356Z,2022-05-22T16:23:29.855Z,2020-11-04T04:12:01.356Z,2022-05-22T14:59:13.824Z,2020-11-26T23:48:12.835Z,2022-05-22T14:59:13.824Z,2020-11-26T23:48:12.835Z,2022-05-22T14:59:13.824Z,
Tree,RKU-7XXXXHYN00N2125085,Roku Longview HDR10 Smart TV,2020-03-24T23:24:11.832Z,2022-05-19T13:10:54.556Z,2020-06-01T05:07:10.932Z,2022-05-19T13:10:54.556Z,2020-03-24T23:24:11.832Z,2022-05-19T13:10:54.556Z,2020-06-10T03:00:21.276Z,2022-05-19T13:10:54.556Z,
Mom,RKU-7XXXXHYN00N2125085,Roku Longview HDR10 Smart TV,2020-03-24T23:24:11.832Z,2022-05-19T13:10:54.556Z,2020-06-01T05:07:10.932Z,2022-05-19T13:10:54.556Z,2020-06-01T05:06:42.113Z,2022-05-19T06:07:20.568Z,2020-06-01T05:07:10.932Z,2022-05-19T06:07:20.568Z,
Dad,NFAPPL-02-IPHONE14=5-CC8B828CC65C22B96A548E50003EAF5B3EAC0BF42D525F1B13A98CA949AFAFD2,Apple iPhone 13,,,,,,,,,
Mom,NFAPPL-02-IPHONE14=5-CC8B828CC65C22B96A548E50003EAF5B3EAC0BF42D525F1B13A98CA949AFAFD2,Apple iPhone 13,,,,,,,,,
Guest,NFAPPL-02-IPHONE14=5-CC8B828CC65C22B96A548E50003EAF5B3EAC0BF42D525F1B13A98CA949AFAFD2,Apple iPhone 13,,,,,,,,,
Tree,NFAPPL-02-IPHONE14=5-CC8B828CC65C22B96A548E50003EAF5B3EAC0BF42D525F1B13A98CA949AFAFD2,Apple iPhone 13,,,,,,,,,
Dad,NFANDROID2-PRV-FTVET31DOVI2020-AMAZOAFTDCT31-16306-1360699F7E985F3E9E189C9F4A7E02B2A6B38ADD14DBC1B0F7250F15D0B6A1E1,Amazon FTVET31DOVI2020 Smart TV,2020-11-04T04:12:01.356Z,2022-05-22T16:23:29.855Z,2020-11-04T04:12:01.356Z,2022-05-22T14:59:13.824Z,2021-02-06T18:11:50.143Z,2022-05-18T06:16:29.872Z,2021-02-06T18:11:50.143Z,2022-05-18T05:21:42.644Z,
Dad,NFUWA-001-C3D330AF24AEFEDDD7EA820CF91B1E35610E260DFD206CAA3AE089B7EF309AF0B955552FD1C117C9E66746E587E2DB82586168A7234710756822439AB2960F52,Netflix Windows App - Cadmium Windows Mobile,2022-02-27T05:52:33.084Z,2022-05-18T01:40:02.276Z,2022-03-20T14:31:16.251Z,2022-05-17T01:34:11.692Z,2022-02-27T05:52:33.084Z,2022-05-18T01:40:02.276Z,2022-03-20T14:31:16.251Z,2022-05-17T01:34:11.692Z,
Dad,NFCDIE-04-H5Z53EJ7VD8AE42P4R74QHA8PTJVGV,Edge OSS - Mac (Cadmium),2021-03-27T20:25:27.734Z,2022-05-15T05:55:58.900Z,2021-03-27T20:25:42.854Z,2022-05-15T05:55:58.900Z,2021-03-27T20:25:27.734Z,2022-05-15T05:55:58.900Z,2021-03-27T20:25:42.854Z,2022-05-15T05:55:58.900Z,
Mom,RKU-7XXXXDYS0046097619,Roku Longview DV Smart TV,2019-10-31T00:38:38.540Z,2022-05-10T01:22:28.209Z,2019-11-08T23:06:27.464Z,2022-05-10T01:22:28.209Z,2020-01-05T17:50:39.580Z,2022-05-10T01:22:28.209Z,2020-06-05T18:06:52.640Z,2022-05-10T01:22:28.209Z,
Tree,RKU-7XXXXDYS0046097619,Roku Longview DV Smart TV,2019-10-31T00:38:38.540Z,2022-05-10T01:22:28.209Z,2019-11-08T23:06:27.464Z,2022-05-10T01:22:28.209Z,2019-10-31T00:38:38.540Z,2022-05-05T01:29:54.200Z,2020-06-11T23:02:00.574Z,2022-05-05T01:29:54.200Z,
Dad,NFAPPL-02-IPHONE12=1-CC8B828CC65C22B96A548E50003EAF5B3EAC0BF42D525F1B13A98CA949AFAFD2,Apple iPhone 11,2020-08-08T21:46:38.657Z,2022-05-03T05:01:02.964Z,2020-08-08T21:46:38.657Z,2022-01-02T20:12:58.952Z,2020-08-08T21:46:38.657Z,2022-05-03T05:01:02.964Z,2020-08-08T21:46:38.657Z,2022-01-02T20:12:58.952Z,
Dad,NFCDSF-PH-J5YGVGA92PTJFCRER84CQXY5HHN899,Netflix iPhone-Safari iPhone,,,,,,,,,
Tree,NFCDSF-PH-J5YGVGA92PTJFCRER84CQXY5HHN899,Netflix iPhone-Safari iPhone,,,,,,,,,
Dad,NFCDSF-PH-J5CDYC61XNR94R2C9K02XE45VMA40N,Netflix iPhone-Safari iPhone,,,,,,,,,
Guest,NFANDROID2-PRV-FTVET31DOVI2020-AMAZOAFTDCT31-16306-1360699F7E985F3E9E189C9F4A7E02B2A6B38ADD14DBC1B0F7250F15D0B6A1E1,Amazon FTVET31DOVI2020 Smart TV,2020-11-04T04:12:01.356Z,2022-05-22T16:23:29.855Z,2020-11-04T04:12:01.356Z,2022-05-22T14:59:13.824Z,2020-11-04T17:18:43.579Z,2022-04-12T00:57:48.875Z,2020-11-04T17:18:43.579Z,2022-04-12T00:57:48.875Z,
Dad,NFXBSX-02-1AB85J0902SMJ805JZYCVDWPFCRAA674C47P38U8B4CNM9ZKK592,Microsoft Xbox Series S,,,,,,,,,
Mom,RKU-380XX-YF000S455300,Roku Amarillo1080 Set Top Box,2020-05-06T01:27:39.448Z,2022-04-03T16:28:32.108Z,2020-05-22T21:13:49.104Z,2022-04-03T16:28:32.108Z,2020-05-06T01:27:39.448Z,2022-04-03T16:28:32.108Z,2020-05-22T21:13:49.104Z,2022-04-03T16:28:32.108Z,
Dad,RKU-7XXXXDYS0046097619,Roku Longview DV Smart TV,2019-10-31T00:38:38.540Z,2022-05-10T01:22:28.209Z,2019-11-08T23:06:27.464Z,2022-05-10T01:22:28.209Z,2020-07-06T04:37:30.699Z,2022-03-20T05:16:41.976Z,2020-07-07T14:20:25.676Z,2022-03-20T05:16:41.976Z,
Dad,NFANDROID2-PRV-FIRETVSTICK2016-AMAZOAFTT-16384-FBAC0857D16219F8D782F13C51844802F10DC2B4BD3BF6DB6E11C5A15C751D7C,FireTV Stick 2016,2020-03-26T05:48:14.804Z,2022-03-18T06:34:25.950Z,2020-04-20T19:48:24.936Z,2022-03-18T06:10:32.052Z,2020-03-26T05:48:14.804Z,2022-03-18T06:34:25.950Z,2020-07-03T05:45:25.353Z,2022-03-18T06:10:32.052Z,
Dad,NFCDSF-PH-J2FRZQCFPCDKH5KUPDRPRVJRCL2TQV,Netflix iPhone-Safari iPhone,,,,,,,,,
Mom,NFAPPL-01-IPAD12=1-EE5A6953C228DCF8754EF5396BFFD73CDDE4A80ED37D376EF84E81B6B83362BA,Apple iPad 10.2 inch 9th Gen Wi-Fi,,,,,,,,,
Guest,NFAPPL-01-IPAD12=1-EE5A6953C228DCF8754EF5396BFFD73CDDE4A80ED37D376EF84E81B6B83362BA,Apple iPad 10.2 inch 9th Gen Wi-Fi,,,,,,,,,
Tree,NFAPPL-01-IPAD12=1-EE5A6953C228DCF8754EF5396BFFD73CDDE4A80ED37D376EF84E81B6B83362BA,Apple iPad 10.2 inch 9th Gen Wi-Fi,,,,,,,,,
Dad,NFAPPL-01-IPAD12=1-EE5A6953C228DCF8754EF5396BFFD73CDDE4A80ED37D376EF84E81B6B83362BA,Apple iPad 10.2 inch 9th Gen Wi-Fi,,,,,,,,,
Dad,NFUWA-001-BF805D3BCB0E01B1DE527AF8F83F53279D629D0B7C5E4A7BB5926E119144982D,Netflix Windows App - Cadmium Windows Mobile,2020-07-08T00:44:36.616Z,2022-03-03T02:34:29.180Z,2020-07-08T00:44:36.616Z,2022-03-03T02:34:29.180Z,2020-07-08T00:44:36.616Z,2022-03-03T02:34:29.180Z,2020-07-08T00:44:36.616Z,2022-03-03T02:34:29.180Z,
Dad,RKU-380XX-YF000S455300,Roku Amarillo1080 Set Top Box,2020-05-06T01:27:39.448Z,2022-04-03T16:28:32.108Z,2020-05-22T21:13:49.104Z,2022-04-03T16:28:32.108Z,2020-06-26T03:54:01.017Z,2022-02-05T22:02:10.396Z,2020-06-26T03:56:18.092Z,2022-02-05T22:02:10.396Z,
Dad,NFCDSF-PH-HQXC44H4TRY4NGXMDAHV425EJLAUV0,Netflix iPhone-Safari iPhone,,,,,,,,,
Dad,NFUWA-001-23CFC46AA50210E8C0C16E7FA575DAC1F0B50285F635F1052444718877F0FC6D,Netflix Windows App - Cadmium Windows Mobile,2020-06-26T04:31:41.985Z,2021-10-18T23:21:46.127Z,2020-06-26T04:31:52.316Z,2021-10-18T23:21:46.127Z,2020-06-26T04:31:41.985Z,2021-10-18T23:21:46.127Z,2020-06-26T04:31:52.316Z,2021-10-18T23:21:46.127Z,
Dad,NFCDSF-01-H5X9592WG27G6LN9AATT3NNR4HL84W,Safari MAC (Cadmium),2021-03-27T03:21:39.832Z,2021-09-27T00:26:07.220Z,2021-03-27T03:21:39.832Z,2021-09-26T23:44:15.140Z,2021-03-27T03:21:39.832Z,2021-09-27T00:26:07.220Z,2021-03-27T03:21:39.832Z,2021-09-26T23:44:15.140Z,
Guest,RKU-7XXXXDYS0046097619,Roku Longview DV Smart TV,2019-10-31T00:38:38.540Z,2022-05-10T01:22:28.209Z,2019-11-08T23:06:27.464Z,2022-05-10T01:22:28.209Z,2019-11-07T21:05:16.152Z,2021-09-21T04:50:42.198Z,2019-11-08T23:06:27.464Z,2021-09-21T04:23:29.484Z,
Dad,NFANDROID2-PRV-TVAFTKM-AMAZOAFTJMST12-8123-DAF3EE628CE360A44B6A789B7D6AC3F73CA87D1BE2150E455FC60C431F79A374,Amazon TVAFTKM Smart TV,2021-09-17T04:15:52.550Z,2021-09-20T15:41:44.137Z,2021-09-17T04:22:58.732Z,2021-09-20T15:41:44.137Z,2021-09-20T15:41:16.023Z,2021-09-20T15:41:44.137Z,2021-09-20T15:41:44.137Z,2021-09-20T15:41:44.137Z,
Guest,NFANDROID2-PRV-TVAFTKM-AMAZOAFTJMST12-8123-DAF3EE628CE360A44B6A789B7D6AC3F73CA87D1BE2150E455FC60C431F79A374,Amazon TVAFTKM Smart TV,2021-09-17T04:15:52.550Z,2021-09-20T15:41:44.137Z,2021-09-17T04:22:58.732Z,2021-09-20T15:41:44.137Z,2021-09-17T04:15:52.550Z,2021-09-20T15:40:01.783Z,2021-09-17T04:22:58.732Z,2021-09-20T02:35:16.392Z,
Tree,NFANDROID2-PRV-TVAFTKM-AMAZOAFTJMST12-8123-DAF3EE628CE360A44B6A789B7D6AC3F73CA87D1BE2150E455FC60C431F79A374,Amazon TVAFTKM Smart TV,2021-09-17T04:15:52.550Z,2021-09-20T15:41:44.137Z,2021-09-17T04:22:58.732Z,2021-09-20T15:41:44.137Z,2021-09-19T16:24:12.899Z,2021-09-20T01:14:27.444Z,2021-09-19T16:24:51.051Z,2021-09-20T00:21:37.124Z,
Mom,NFANDROID2-PRV-FIRETVSTICK2016-AMAZOAFTT-16384-FBAC0857D16219F8D782F13C51844802F10DC2B4BD3BF6DB6E11C5A15C751D7C,FireTV Stick 2016,2020-03-26T05:48:14.804Z,2022-03-18T06:34:25.950Z,2020-04-20T19:48:24.936Z,2022-03-18T06:10:32.052Z,2020-05-22T05:21:53.467Z,2021-09-02T23:52:50.486Z,2020-06-10T04:12:11.707Z,2021-09-02T23:52:50.486Z,
Tree,GOOGCAP0010000000000000005643476,Google Chromecast V5 Streaming Stick,2021-07-17T20:10:00.487Z,2021-07-18T02:10:43.247Z,2021-07-17T20:10:00.487Z,2021-07-18T02:10:43.247Z,2021-07-17T20:10:00.487Z,2021-07-18T02:10:43.247Z,2021-07-17T20:10:00.487Z,2021-07-18T02:10:43.247Z,
Tree,NFAPPL-02-IPHONE12=1-CC8B828CC65C22B96A548E50003EAF5B3EAC0BF42D525F1B13A98CA949AFAFD2,Apple iPhone 11,2020-08-08T21:46:38.657Z,2022-05-03T05:01:02.964Z,2020-08-08T21:46:38.657Z,2022-01-02T20:12:58.952Z,2021-07-17T20:09:35.984Z,2021-07-18T02:09:18.240Z,,,
Dad,NFAPPL-01-IPAD11=2-1A6D4CF0A28D715FDF22A7AC1C804CCE97BCC54350174060DE9B0A235867DA4C,Apple iPad Mini 5th Gen (Wi-Fi/Cell),2021-07-13T02:22:20.603Z,2021-07-13T03:30:12.223Z,2021-07-13T02:22:20.603Z,2021-07-13T03:01:25.280Z,2021-07-13T02:22:20.603Z,2021-07-13T03:30:12.223Z,2021-07-13T02:22:20.603Z,2021-07-13T03:01:25.280Z,
Dad,WWW-BROWSE-HFPWHJ8UF2JL0XTMF4JJP723N8YC60,Netflix WWW-BROWSER UNSUPPORTED BROWSER,,,,,,,,,
Dad,WWW-BROWSE-HFMQGTP6MY6HF7NJP92FGW1TDR985R,Netflix WWW-BROWSER UNSUPPORTED BROWSER,,,,,,,,,
Mom,NFAPPL-02-IPHONE12=1-1B8D1E27DE06FE6D735C1B1BF97BE1E183DA52AE7D484E4E51E7DEC5CA0A1750,Apple iPhone 11,2021-01-30T05:31:24.296Z,2021-07-02T19:51:56.118Z,2021-01-30T05:31:24.296Z,2021-06-17T18:21:58.968Z,2021-01-30T05:31:24.296Z,2021-07-02T19:51:56.118Z,2021-01-30T05:31:24.296Z,2021-06-17T18:21:58.968Z,
Dad,NFAPPL-02-IPHONE12=1-1B8D1E27DE06FE6D735C1B1BF97BE1E183DA52AE7D484E4E51E7DEC5CA0A1750,Apple iPhone 11,2021-01-30T05:31:24.296Z,2021-07-02T19:51:56.118Z,2021-01-30T05:31:24.296Z,2021-06-17T18:21:58.968Z,,,,,
Dad,NFANDROID2-PRV-FIRETVSTICK2018-AMAZOAFTMM-8415-47642640C511A36BA6AF086C1EC6B3378E9A762D894355AC44D8EC24B69B34F6,FireTV 4K Stick 2018,2020-04-10T20:24:47.236Z,2020-11-15T02:56:13.424Z,2020-06-27T04:07:41.699Z,2020-11-15T02:56:13.424Z,2020-04-24T20:11:14.480Z,2020-11-15T02:56:13.424Z,2020-06-27T04:07:41.699Z,2020-11-15T02:56:13.424Z,
Dad,RKU-7XXXXHYN00N2125085,Roku Longview HDR10 Smart TV,2020-03-24T23:24:11.832Z,2022-05-19T13:10:54.556Z,2020-06-01T05:07:10.932Z,2022-05-19T13:10:54.556Z,2020-06-26T03:50:57.500Z,2020-07-08T03:23:17.182Z,2020-07-05T18:46:00.135Z,2020-07-08T03:04:59.636Z,
Tree,LGCM20143=21001073484,LG 2014 LG SoC Hotel STB,2021-07-11T02:59:06.055Z,2021-07-15T03:48:46.671Z,2021-07-11T02:59:06.055Z,2021-07-15T03:48:46.671Z,2021-07-11T22:36:51.388Z,2021-07-15T03:48:46.671Z,2021-07-11T22:36:51.388Z,2021-07-15T03:48:46.671Z,
Guest,LGCM20143=21001064934,LG 2014 LG SoC Hotel STB,2021-07-12T23:47:09.120Z,2021-07-13T01:50:21.196Z,2021-07-12T23:47:09.120Z,2021-07-13T01:50:21.196Z,2021-07-12T23:47:09.120Z,2021-07-13T01:50:21.196Z,2021-07-12T23:47:09.120Z,2021-07-13T01:50:21.196Z,
Mom,LGCM20143=21001073484,LG 2014 LG SoC Hotel STB,2021-07-11T02:59:06.055Z,2021-07-15T03:48:46.671Z,2021-07-11T02:59:06.055Z,2021-07-15T03:48:46.671Z,2021-07-11T02:59:06.055Z,2021-07-11T05:00:56.339Z,2021-07-11T02:59:06.055Z,2021-07-11T05:00:56.339Z,
Mom,NFAPPL-01-IPAD5=1-1B8D1E27DE06FE6D735C1B1BF97BE1E183DA52AE7D484E4E51E7DEC5CA0A1750,Apple iPad Mini 4 WiFi,2021-03-20T02:17:04.923Z,2021-06-16T23:29:51.147Z,2021-03-20T02:17:04.923Z,2021-06-16T23:29:51.147Z,2021-03-20T02:17:04.923Z,2021-06-16T23:29:51.147Z,2021-03-20T02:17:04.923Z,2021-06-16T23:29:51.147Z,
Dad,NFAPPL-02-IPHONE11=8-EA789BE80284BF3765B216316C0194F411282C40004F207DA2DFD062D7FC78C7,Apple iPhone XR,2020-08-12T12:54:57.468Z,2021-05-02T18:46:18.024Z,2020-08-12T12:54:57.468Z,2021-05-02T18:03:53.984Z,2020-08-12T12:54:57.468Z,2021-05-02T18:46:18.024Z,2020-08-12T12:54:57.468Z,2021-05-02T18:03:53.984Z,
Tree,NFUWA-001-C78295A473E1EA258D5999EA8F0E1EC759FE718A0DB84FA4820A288CAA683CFA,Netflix Windows App - Cadmium Windows Mobile,2020-07-14T22:55:45.974Z,2021-04-02T16:46:05.395Z,2020-07-14T22:55:45.974Z,2021-04-02T16:46:05.395Z,2020-07-14T22:55:45.974Z,2021-04-02T16:46:05.395Z,2020-07-14T22:55:45.974Z,2021-04-02T16:46:05.395Z,
Mom,NFANDROID1-PRV-T-L3-AMAZOKFMUWI-4445-0F3B10C9F50B0EBBA9535AEBCB06AB381A1DC47B68D0A0186FB273CED76629C75,Android DefaultWidevineL3Tablet Android Tablet,2021-01-27T01:49:24.856Z,2021-01-27T01:49:24.856Z,2021-01-27T01:49:24.856Z,2021-01-27T01:49:24.856Z,2021-01-27T01:49:24.856Z,2021-01-27T01:49:24.856Z,2021-01-27T01:49:24.856Z,2021-01-27T01:49:24.856Z,
Tree,RKU-380XX-YF000S455300,Roku Amarillo1080 Set Top Box,2020-05-06T01:27:39.448Z,2022-04-03T16:28:32.108Z,2020-05-22T21:13:49.104Z,2022-04-03T16:28:32.108Z,2020-11-27T02:58:04.963Z,2020-11-27T03:51:36.472Z,2020-11-27T02:58:04.963Z,2020-11-27T03:10:04.465Z,
Guest,NFANDROID2-PRV-FIRETVSTICK2016-AMAZOAFTT-16384-FBAC0857D16219F8D782F13C51844802F10DC2B4BD3BF6DB6E11C5A15C751D7C,FireTV Stick 2016,2020-03-26T05:48:14.804Z,2022-03-18T06:34:25.950Z,2020-04-20T19:48:24.936Z,2022-03-18T06:10:32.052Z,2020-11-06T16:57:57.123Z,2020-11-06T17:19:50.595Z,2020-11-06T16:57:57.123Z,2020-11-06T17:19:50.595Z,
Tree,NFANDROID2-PRV-FIRETVSTICK2016-AMAZOAFTT-16384-FBAC0857D16219F8D782F13C51844802F10DC2B4BD3BF6DB6E11C5A15C751D7C,FireTV Stick 2016,2020-03-26T05:48:14.804Z,2022-03-18T06:34:25.950Z,2020-04-20T19:48:24.936Z,2022-03-18T06:10:32.052Z,2020-04-20T19:46:39.870Z,2020-09-20T06:38:33.612Z,2020-04-20T19:48:24.936Z,2020-09-20T06:14:43.072Z,
Tree,NFANDROID2-PRV-FIRETVSTICK2016-AMAZOAFTT-6590-BCB5D0900FB3F8D822D291AB05CA7121E0AF8015BFDA2137993E8AE5CA5295CE,FireTV Stick 2016,2020-09-16T03:15:31.252Z,2020-09-17T02:26:43.679Z,2020-09-16T03:15:31.252Z,2020-09-17T02:00:39.916Z,2020-09-16T03:15:31.252Z,2020-09-17T02:26:43.679Z,2020-09-16T03:15:31.252Z,2020-09-17T02:00:39.916Z,
Tree,NFXONE-03-1KKCXXZWYAUK3JU6249UHY97H7TGJEAE7D3D1RSTT0TNWW4FRFTK,Microsoft Xbox One S,2020-09-12T04:38:27.228Z,2020-09-13T05:49:54.444Z,2020-09-12T04:38:29.092Z,2020-09-12T04:54:22.048Z,2020-09-12T04:38:27.228Z,2020-09-13T05:49:54.444Z,2020-09-12T04:38:29.092Z,2020-09-12T04:54:22.048Z,
Tree,NFAPPL-01-IPAD5=1-3E0794C24E93550FAA5385962E946562045779E1AA142AE0C5EC2A130535E274,Apple iPad Mini 4 WiFi,2020-07-05T19:34:01.942Z,2020-09-07T01:32:29.672Z,2020-07-05T19:34:01.942Z,2020-09-07T01:32:29.672Z,2020-07-05T19:34:01.942Z,2020-09-07T01:32:29.672Z,2020-07-05T19:34:01.942Z,2020-09-07T01:32:29.672Z,
Tree,NFXONE-04-HNFB5B6UV7PEP9272A292PZ99JC8AYFXWTS7PV1YN2YHNVGD3KM,Microsoft Xbox One X,2020-07-14T02:03:33.582Z,2020-09-06T04:02:43.103Z,2020-07-14T02:10:31.103Z,2020-09-06T04:02:43.103Z,2020-08-16T03:54:42.640Z,2020-09-06T04:02:43.103Z,2020-08-16T03:54:42.640Z,2020-09-06T04:02:43.103Z,
Dad,NFXONE-04-HNFB5B6UV7PEP9272A292PZ99JC8AYFXWTS7PV1YN2YHNVGD3KM,Microsoft Xbox One X,2020-07-14T02:03:33.582Z,2020-09-06T04:02:43.103Z,2020-07-14T02:10:31.103Z,2020-09-06T04:02:43.103Z,2020-07-14T02:03:33.582Z,2020-08-26T00:37:29.031Z,2020-07-14T02:10:31.103Z,2020-08-25T23:57:32.726Z,
Dad,SSTV-X101-140707-0015070982-0F60,Samsung 2012 Mstar X10 Smart TV,2020-07-29T16:37:08.766Z,2020-08-11T04:39:07.065Z,2020-07-29T16:37:08.766Z,2020-08-11T04:39:07.065Z,2020-08-10T03:10:47.763Z,2020-08-11T04:39:07.065Z,2020-08-10T03:10:47.763Z,2020-08-11T04:39:07.065Z,
Tree,NFUWA-001-9C7ADD7E0370A6C1BFB9B55DC478539525844263A7609F6061053F32BF46D20E,Netflix Windows App - Cadmium Windows Mobile,2020-08-10T17:20:28.824Z,2020-08-10T17:20:28.824Z,2020-08-10T17:20:28.824Z,2020-08-10T17:20:28.824Z,2020-08-10T17:20:28.824Z,2020-08-10T17:20:28.824Z,2020-08-10T17:20:28.824Z,2020-08-10T17:20:28.824Z,
Dad,NFANDROID2-PRV-FIRETVSTICK2016-AMAZOAFTT-16384-8E8DECF5E61BD9D5C43BE9A1C976DFAC938075DB64593C6E31D70A1442D23704,FireTV Stick 2016,2020-07-08T19:49:45.833Z,2020-08-08T14:25:52.484Z,2020-07-08T19:49:45.833Z,2020-08-08T14:25:52.484Z,2020-07-08T19:49:45.833Z,2020-08-08T14:25:52.484Z,2020-07-08T19:49:45.833Z,2020-08-08T14:25:52.484Z,
Tree,SSTV-X101-140707-0015070982-0F60,Samsung 2012 Mstar X10 Smart TV,2020-07-29T16:37:08.766Z,2020-08-11T04:39:07.065Z,2020-07-29T16:37:08.766Z,2020-08-11T04:39:07.065Z,2020-07-29T16:37:08.766Z,2020-08-03T00:27:29.406Z,2020-07-29T16:37:08.766Z,2020-08-03T00:27:29.406Z,
Dad,NFAPPL-02-IPHONE11=8-CC8B828CC65C22B96A548E50003EAF5B3EAC0BF42D525F1B13A98CA949AFAFD2,Apple iPhone XR,2020-07-06T21:40:59.476Z,2020-07-29T21:18:00.832Z,2020-07-06T21:40:59.476Z,2020-07-29T21:17:53.707Z,2020-07-06T21:40:59.476Z,2020-07-29T21:18:00.832Z,2020-07-06T21:40:59.476Z,2020-07-29T21:17:53.707Z,
Dad,NFAPPL-01-IPAD5=1-1A6D4CF0A28D715FDF22A7AC1C804CCE97BCC54350174060DE9B0A235867DA4C,Apple iPad Mini 4 WiFi,2020-07-19T23:03:47.335Z,2020-07-22T04:27:33.417Z,2020-07-19T23:03:47.335Z,2020-07-22T04:02:06.160Z,2020-07-19T23:03:47.335Z,2020-07-22T04:27:33.417Z,2020-07-19T23:03:47.335Z,2020-07-22T04:02:06.160Z,
Dad,NFAPPL-02-IPHONE11=8-25C99B32D33CEBC77C4BF49D752A678ABFBA8F0B44218D70F12DA537A822D1ED,Apple iPhone XR,2020-07-09T14:43:47.696Z,2020-07-16T05:59:12.878Z,2020-07-09T14:43:47.696Z,2020-07-16T05:36:49.632Z,2020-07-09T14:43:47.696Z,2020-07-16T05:59:12.878Z,2020-07-09T14:43:47.696Z,2020-07-16T05:36:49.632Z,
Mom,NFANDROID2-PRV-FIRETVSTICK2018-AMAZOAFTMM-8415-47642640C511A36BA6AF086C1EC6B3378E9A762D894355AC44D8EC24B69B34F6,FireTV 4K Stick 2018,2020-04-10T20:24:47.236Z,2020-11-15T02:56:13.424Z,2020-06-27T04:07:41.699Z,2020-11-15T02:56:13.424Z,2020-04-10T20:24:47.236Z,2020-04-10T20:24:47.236Z,,,
Tree,RKU-37XXX-YU00KH435973,Roku Littlefield Set Top Box,2019-09-28T01:51:04.095Z,2020-03-14T03:29:37.003Z,2020-01-21T03:31:31.656Z,2020-03-14T03:29:37.003Z,2019-09-28T01:51:04.095Z,2020-03-14T03:29:37.003Z,2020-03-14T03:29:37.003Z,2020-03-14T03:29:37.003Z,
Mom,RKU-44XXX-YY00D7722543,Roku Dallas Set Top Box (Roku 4),2019-11-12T16:23:01.470Z,2020-02-14T06:56:51.681Z,,,2020-02-12T05:58:40.806Z,2020-02-14T06:56:51.681Z,,,
Dad,RKU-37XXX-YU00KH435973,Roku Littlefield Set Top Box,2019-09-28T01:51:04.095Z,2020-03-14T03:29:37.003Z,2020-01-21T03:31:31.656Z,2020-03-14T03:29:37.003Z,2020-01-21T03:31:31.656Z,2020-01-21T03:31:31.656Z,2020-01-21T03:31:31.656Z,2020-01-21T03:31:31.656Z,
Guest,SSTV-HKM1-0000000000000005118267,Samsung 2015 Hawk-M Smart TV,2019-09-14T14:31:27.504Z,2020-01-04T12:21:22.252Z,2020-01-04T12:21:22.252Z,2020-01-04T12:21:22.252Z,2019-09-14T14:31:27.504Z,2020-01-04T12:21:22.252Z,2020-01-04T12:21:22.252Z,2020-01-04T12:21:22.252Z,
Guest,NFANDROID2-PRV-FIRETVSTICK2016-AMAZOAFTT-6590-960F1708C42ACBF2BF680C1287209EA0D212FE85E100A0292933BA9E55000D38,FireTV Stick 2016,2019-09-29T08:49:23.076Z,2019-12-22T09:48:20.064Z,2019-12-08T07:35:56.575Z,2019-12-08T08:21:05.760Z,2019-09-29T08:49:23.076Z,2019-12-22T09:48:20.064Z,2019-12-08T07:35:56.575Z,2019-12-08T08:21:05.760Z,
Guest,RKU-44XXX-YY00D7722543,Roku Dallas Set Top Box (Roku 4),2019-11-12T16:23:01.470Z,2020-02-14T06:56:51.681Z,,,2019-11-12T16:23:01.470Z,2019-11-13T18:43:42.971Z,,,
Dad,ENSEO-330X00000000000000000000000000232718,Enseo HD3300 CKW MVPD Hotel STB,,,,,,,,,
Dad,NFUWA-001-4F06E3DF67797EF08B66FB216A809BE629E3C9E6AD3ECDBAFA02F47B5957D7E5,Netflix Windows App - Cadmium Windows Mobile,,,,,,,,,
Dad,GOOGEUR001-M112JR3C060XT5MHB8MER,Google Chromecast streaming stick,,,,,,,,,
Dad,NFPS4-002-6FRZCPJ4RM74Z73NTTL4J9DRKH,Sony PS4 Pro,,,,,,,,,
Dad,NFANDROID2-PRV-HECV1-HILTOHECV1-7418-5109B5D0DA88E772B702DB854BFC12DFF0854F043CE79E4DC6E5CA8CD69A6C3E,Hilton HECV1 Set Top Box,,,,,,,,,
Dad,NFANDROID1-PRV-P-L3-HUAWEMYA-L41-4445-0B5B39EC4380B90C26580873833D5AC2EE7DF7DE41EFB7919C82D0A24393D7A58,Android DefaultWidevineL3Phone Android Phone,,,,,,,,,
Dad,NFCDCH-02-GG46K963WDJP44QMA0K2UAGDFCV6PP,Chrome PC (Cadmium),,,,,,,,,
Dad,NFCDCH-02-E1LRKX0PY9V127TFL6U7A2YKUMWAJL,Chrome PC (Cadmium),,,,,,,,,
Dad,NFANDROID2-PRV-FIRETVSTICK2016-AMAZOAFTT-6590-66D2A4E45D1D2A40D9B258EA9A48EC0F39E813B397AB413C4431F6186C67B1BB,FireTV Stick 2016,,,,,,,,,
Dad,NFANDROID2-PRV-FIRETVSTICK2016-AMAZOAFTT-6590-8ACB10D7616D12A05DE35C21D0B62538A873015C6AD59215019C96FF94466CC0,FireTV Stick 2016,,,,,,,,,
Dad,NFANDROID2-PRV-FIRETVSTICK2018-AMAZOAFTMM-8415-C69704F64CF19ED578D204FCAD151D2C91378A6EADBAB0A18E3C168BAAB04A01,FireTV 4K Stick 2018,,,,,,,,,
Dad,SSTV-HKM1-0000000000000010494872,Samsung 2015 Hawk-M Smart TV,,,,,,,,,
Dad,NFUWA-001-0DCB63115A3EFBF557B0ED56C4FA611CE74CEB8376D6B8AFBAA468612358D3BB,Netflix Windows App - Cadmium Windows Mobile,,,,,,,,,
Dad,NFAPPL-01-IPAD5=1-CC8B828CC65C22B96A548E50003EAF5B3EAC0BF42D525F1B13A98CA949AFAFD2,Apple iPad Mini 4 WiFi,,,,,,,,,
Dad,NFANDROID1-PRV-P-L3-LGE==LG-H850-4445-02AC7181197163469B0CFE593BAB92B29D8468025EDD0A30626C7D025B352CAE8,Android DefaultWidevineL3Phone Android Phone,,,,,,,,,
Dad,NFANDROID2-PRV-FIRETVSTICK2016-AMAZOAFTT-6590-9AE6E5E3C253D251CB9B90F0644A03A949CADA117A317BD4D3D198592EA0A3D9,FireTV Stick 2016,,,,,,,,,
Dad,NFUWA-001-FBEFCE0A77252723EEAEEFF31192B161C09EFE360B82D2BD62285427ECB2BA88E62C77D9EF2C33666973B464564C57AB1493C3342C62B63A342B20E62B40D041,Netflix Windows App - Cadmium Windows Mobile,,,,,,,,,
Dad,NFANDROID2-PRV-FIRETVSTICK2016-AMAZOAFTT-6590-525740005064313C2596ACC2DC72C1FF74674B3AE971FF0876E96C25DA27D19B,FireTV Stick 2016,,,,,,,,,
Dad,NFPS4-001-L5N0JTKV41L1N0GTFH9AYCF4HR,Sony PS4,,,,,,,,,
Dad,RKU-42XXX-1GH355000079,Roku 3 Set Top Box,,,,,,,,,
Dad,NFAPPL-02-IPHONE7=2-69C97115D836A42D32AE7FF006AFA1F93D7FED684B9C26EE626C3713E0318DDB,Apple iPhone 6,,,,,,,,,
Dad,NFAPPL-02-IPHONE10=5-1B8D1E27DE06FE6D735C1B1BF97BE1E183DA52AE7D484E4E51E7DEC5CA0A1750,Apple iPhone 8 Plus (GSM),,,,,,,,,
Dad,NFCDCH-02-DX49G01DDWKHCM015MPUPRDERLTUW1,Chrome PC (Cadmium),,,,,,,,,
Dad,SLMAC-EMULL6JML8NCM9EE1K2M5Q1L9U8TYV,Mac,,,,,,,,,
Dad,NFCDCH-MC-EMUHR21LKRM73N42UEAW9CK2KT596X,Netflix Chrome MAC (Cadmium) HTML 5,,,,,,,,,
Dad,VIZVIAM8TP3J6KXQPRDLTCQ,Vizio MT5580-TPV-1H2013 Smart TV,,,,,,,,,
Dad,NFUWA-001-C6D1EE8E3C9C0CDDF0F36409A6F6BB421E30EA145C6F3E3811823FA33A52BAE9,Netflix Windows App - Cadmium Windows Mobile,,,,,,,,,
Dad,NFCDCH-02-EJT4LRRA6PWKQMYW5215PGJDMCTM6C,Chrome PC (Cadmium),,,,,,,,,
Dad,NFAPPL-02-IPHONE10=5-CC8B828CC65C22B96A548E50003EAF5B3EAC0BF42D525F1B13A98CA949AFAFD2,Apple iPhone 8 Plus (GSM),,,,,,,,,
Dad,NFANDROID1-PRV-P-L3-SAMSUSM-A520F-4445-0488F7BD60AC521CEF16398A8CA082C751682F90A266097C59F82BB69B7967AA8,Android DefaultWidevineL3Phone Android Phone,,,,,,,,,
Dad,NFANDROID1-PRV-P-L3-LGE==LG-H850-4445-030C112C93CD504C94EC85F74EF2C94074F9905B9F636BF6AFEB83186F4EB7888,Android DefaultWidevineL3Phone Android Phone,,,,,,,,,
Dad,GOOGEAR0010000000000000002813007,Google Chromecast V3 Streaming Stick,,,,,,,,,
Dad,NFANDROID1-PRV-P-L3-LENOVB5060-4445-FAA4EEC62844A0D523652DE3DCECA7435D94331D4BD9CA30C6F699BD8F756AF5,Android DefaultWidevineL3Phone Android Phone (Lenovo_B5060),,,,,,,,,
Dad,RKU-35XXX-2L5434245638,Roku Sugarland Streaming Stick,,,,,,,,,
Dad,NFANDROID1-PRV-P-L3-SAMSUSM-A520F-4445-C8094A13A8078BFBD685B3623E57C789E4436D7EBBAFD01765C0145D97AD2FC1,Android DefaultWidevineL3Phone Android Phone (samsung_SM-A520F),,,,,,,,,
Dad,NFCDCH-02-DZ7C6M6AK2F0R3QE95QNYPVVE7X53U,Chrome PC (Cadmium),,,,,,,,,
Dad,NFUWA-001-3067D59AB9D7952401F00B48FD1C2378626394A71AC1EE404816237A8FE458DB,Netflix Windows App - Cadmium Windows Mobile,,,,,,,,,
Dad,NFCDCH-02-E0V1NP56QVYQKM22ATXMHFXC8EJGV3,Chrome PC (Cadmium),,,,,,,,,
Dad,NFANDROID1-PRV-P-L3-SAMSUSM-J510FN-4445-62692C1A9F10C25FAD8B3AF4389120A870EC4EDA62BBDF33BEFE93DB1A47F1A7,Android DefaultWidevineL3Phone Android Phone (samsung_SM-J510FN),,,,,,,,,
Dad,NFANDROID1-PRV-P-L3-HUAWEMYA-L41-4445-D141EBE2BF2FB0B0788C731795A086C2D66473787966AC9914EA0808A8FEF65C,Android DefaultWidevineL3Phone Android Phone (HUAWEI_MYA-L41),,,,,,,,,
Dad,NFCDCH-02-E0JNL0F5DXGFW5J2VGRALEPPNAH8FE,Chrome PC (Cadmium),,,,,,,,,
Dad,NFANDROID1-PRV-P-L3-MOTORXT1068-5302-724CA223C9EE449FD0285156C7742A7BAC1D80AC21510D959B1376BE2404D34A,Android DefaultWidevineL3Phone Android Phone (motorola_XT1068),,,,,,,,,
Dad,NFCDOP-01-E0F72UN4R8YDEHA27KLT6CAF2D39E7,Netflix Opera Other,,,,,,,,,
Dad,NFCDCH-02-E0F6WCQWNHWFF3X2NJPHWWW38U9CK0,Chrome PC (Cadmium),,,,,,,,,
Dad,NFCDCH-02-E0F6T3YURAGGG2PUELRP6GW923R9GL,Chrome PC (Cadmium),,,,,,,,,
Dad,NFCDCH-02-DZNAHKNK13TTKL3KEWHYAQQ72CFE8W,Chrome PC (Cadmium),,,,,,,,,
Dad,NFCDFF-02-DW2YWKDNC8P90AXFWK7AVW2Y0EGN06,Firefox PC (Cadmium),,,,,,,,,
Dad,NFANDROID1-PRV-P-L3-LGE==LG-H850-4445-0C764A4BF1533ACA611A18B2AFEFDE348B0A0BB4CA4B86E9DE495ED9E44628CE,Android DefaultWidevineL3Phone Android Phone (LGE_LG-H850),,,,,,,,,
Dad,NFANDROID1-PRV-T-L3-SONY=SGP611-4445-75AD9EACF9C4D6A431A3493AAC15513C2027A26C2E244BF8B556FD2D560BA305,Android DefaultWidevineL3Tablet Android Tablet,,,,,,,,,
Dad,NFCDCH-02-DC96QMKNPND3W07Q21AD1MRY3WV1KH,Chrome PC (Cadmium),,,,,,,,,
Dad,NFAPPL-02-IPHONE8=4-8C23FF500FA8F24069F1955582147E60186C3294FE33AAAD3E5ABF051E4D5EA0,iPhone SE,,,,,,,,,
Dad,NFCDCH-02-DUEQJDM0YG7UAH4WNE23K9J1357WRF,Chrome PC (Cadmium),,,,,,,,,
Dad,NFCDCH-02-DUMYPJGGER6PCPJT70CL5MQ12ECJPL,Chrome PC (Cadmium),,,,,,,,,
Dad,RKU-42XXX-632616181232,Roku 3 Set Top Box,,,,,,,,,
Dad,NFX360-01-032549004827,Microsoft Xbox 360,,,,,,,,,
Dad,VIZTMG-0010000002256724,Vizio MG132 eMMC MT5580 TPV Smart TV,,,,,,,,,
Dad,NFANDROID1-PRV-P-L3-ONEPLONEPLUS=A3003-4445-15395200CFC6E18E8929F5E10B1DD3CC6DAF749669DBA0C0C0CF0C3396A0DE02,Android DefaultWidevineL3Phone Android Phone (OnePlus_ONEPLUS A3003),,,,,,,,,
Dad,NFCDCH-MC-DQJ86MA04QYFRVD04KRWRYLKCCYLKJ,Netflix Chrome MAC (Cadmium) HTML 5,,,,,,,,,
Dad,NFCDCH-02-DCEA3ZFUPXWXMY4T6NNFEW9M5WP2C1,Chrome PC (Cadmium),,,,,,,,,
Dad,NFCDCH-02-DPD492GMYV1VXPX20X79JJ2PGGP34J,Chrome PC (Cadmium),,,,,,,,,
Dad,NFCDFF-02-CH7NUJP5F96L5TD732GW6VH32XQFDC,Firefox PC (Cadmium),,,,,,,,,
Dad,RKU-35XXX-2LA4C9158575,Roku Sugarland Streaming Stick,,,,,,,,,
Dad,NFCDCH-MC-DKUHZ4TKPPRN4TXE25C9QJ6N1C4064,Netflix Chrome MAC (Cadmium) HTML 5,,,,,,,,,
Dad,NFCDCH-02-DF7V52XE39RD76HJGYU2DPQYR2NLMC,Chrome PC (Cadmium),,,,,,,,,
Dad,NFANDROID1-PRV-P-L3-SAMSUSM-A520F-4445-614C97875A93AEEB0E12AD9ECBE350BC58C3D8DA3208F902ECBFFC2ADF16B416,Android DefaultWidevineL3Phone Android Phone (samsung_SM-A520F),,,,,,,,,
Dad,NFAPPL-02-IPHONE7=1-8D50979F0F241207309B8637BC3DC6812372CC743AEDD45F839AB54866AAC260,Apple iPhone 6 Plus,,,,,,,,,
Dad,NFUWA-001-69284B123AC7CE09373D7E01BEFCBA77E16499CAF81D9AD21F724B93872C9E51,Netflix Windows App - Cadmium Windows Mobile,,,,,,,,,
Dad,NFCDCH-02-D8DWG6TQ9N0CRD8EHTYMUC41L39VMM,Chrome PC (Cadmium),,,,,,,,,
Dad,NFANDROID1-PRV-T-LGE==NEXUS=5X-6346-33CCF431588EEFFAFE137403A9BC5D88DE6FA78B0B8BB8B569CB0FEA7D5B593E,DefaultWidevineAndroidTablets,,,,,,,,,
Dad,NFCDCH-02-D84LWYW9GE2D3DWT4EE7Y0KLET2D2C,Chrome PC (Cadmium),,,,,,,,,
Dad,NFUWA-001-D7U7QUQCX07G4X6HFFKFNND7V3N96P,Netflix Windows App - Cadmium Windows Mobile,,,,,,,,,
Dad,RKU-35XXX-2L6491112388,Roku Sugarland Streaming Stick,,,,,,,,,
Dad,NFCDCH-02-D7M6666EV1RMREX0JJV7QK3T98FLYM,Chrome PC (Cadmium),,,,,,,,,
Dad,NFANDROID1-PRV-T-L3-LGE==VK810=4G-5281-1CDA30C9BAF837337C5001DFF37425EF84926F0F28573888377B997C04853449,Android DefaultWidevineL3Tablet Android Tablet,,,,,,,,,
Dad,NFANDROID1-PRV-T-L3-AMAZOKFFOWI-4445-0599BCA4B13F3942EC7BD484266B5246A4F0D4A48BFBD01E204DFBF3E7CF9B51,Android DefaultWidevineL3Tablet Android Tablet,,,,,,,,,
Dad,NFANDROID1-PRV-T-L3-AMAZOKFFOWI-4445-DF5971E3DFBFC777637CB871C111A2AD6F94B1A8FFB35463008B227E24036F9F,Android DefaultWidevineL3Tablet Android Tablet,,,,,,,,,
Dad,NFANDROID2-PRV-NEXUSPLAYERFUGU-ASUS=NEXUS=PLAYER-5771-DD58507103377AE135B59AA26367B59493DD3A362D54734E3EBC3945E04315E1,Google Nexus player Fugu Set Top Box (Asus_Nexus Player),,,,,,,,,
Dad,NFANDROID1-PRV-P-L3-LGE==LG-H850-4445-BB1BB2A9D10F005E978B0FAA00AB471A5D3A7733A6420C26060634A80C7122FF,Android DefaultWidevineL3Phone Android Phone,,,,,,,,,
Dad,NFANDROID1-PRV-P-L3-LGE==LG-H850-4445-9554F6B6C17496C517DAFBEC0AC3B7720BAC17FF441947F42550D4A71F8CDC4B,Android DefaultWidevineL3Phone Android Phone,,,,,,,,,
Dad,NFANDROID1-PRV-P-LGE==NEXUS=5X-6346-33CCF431588EEFFAFE137403A9BC5D88DE6FA78B0B8BB8B569CB0FEA7D5B593E,DefaultWidevineAndroidPhone,,,,,,,,,
Dad,NFANDROID1-LGE==LG-H850S-CEA62189991A4D8B94AE8130514D1B3810687549A7F4F62BEE1D2FA7FBFA4007,Mobile,,,,,,,,,
Dad,NFANDROID1-LGE==VK810=4GS-E646615D4DC8D5D4E2196F268F18E5F9EC7BDDB16D11544539DB094A8E9E4A36,Mobile,,,,,,,,,
Dad,NFAPPL-03-APPLETV2=1-152F09888CBA427DEEC2A07557337D73DC82DF97C5730451AB8C1D5CD51ADFA1,Apple TV 2,,,,,,,,,
Dad,NFANDROID1-LGE==LG-H525NS-2D66F66FD29464D4614F4065961DC48BEB2379FB5B23DD6BBC38694C0E633773,Mobile,,,,,,,,,
Dad,GOOGEUR001-M14Y1S591WB-UEGQ8CTR0,Google Chromecast streaming stick,,,,,,,,,
Dad,NFANDROID1-LGE==VS985=4GS-3D42876ACBF47B7A9F4A835E791E1F030728BA65B99E3ACEBD29FFBC8C953B2C,Mobile,,,,,,,,,
Dad,NFAPPL-01-IPAD3=1-4C2076F9AB3B4C8D91800DCCA7EDE5311A23865885BE3BCEBC280C0E6462D866,Apple iPad 3rd Gen (Wi-Fi Only) iPad,,,,,,,,,
Dad,NFCDCH-02-C9MZY2K9K6Y29QA6DVTRQX59Z23J0J,Chrome PC (Cadmium),,,,,,,,,
Dad,NFCDCH-02-C54D712CLKWWTCNK9XTNDNF4E2V79F,Chrome PC (Cadmium),,,,,,,,,
Dad,NFANDROID1-SAMSUSPH-L720S-067F26A091346ED28A5729C3D129FDDC5FD93FB5590F2902722B17ADB26A4A67,Mobile,,,,,,,,,
Dad,NFANDROID1-SAMSUSM-A500FUS-F8392124317A76C50C16218D1CF27BF62E3DD72629065EB093A1C33D10DAAF93,Mobile,,,,,,,,,
Dad,NFWRTM-X64-JH48YN0NCCEQ9P2H997VH,Windows 8 x64 devices,,,,,,,,,
Dad,NFCDCH-02-AVC76164LAMPDXQQ1WLPWN5UMLDVUY,Chrome PC (Cadmium),,,,,,,,,
Dad,NFAPPL-02-IPHONE6=1-258B17DF3D564562C7B2B76F92D028DF821358AC083EB356789E72E7F118ED12,iPhone 5S GSM,,,,,,,,,
Dad,NFANDROID1-QUANTQMV7AS-6813F8AD298CD5B1B664F7BAFA4BE9E60F37B5FD829DB9EA3E86F44291D5BC86,Mobile,,,,,,,,,
Dad,SLW32-UW554N8890NT2MTPAYKXFP1YN4,PC,,,,,,,,,
Dad,NFCDCH-02-AGWKP1541ZFLCRNLH4ZDC7Q7TXP9KU,Chrome PC (Cadmium),,,,,,,,,
Dad,SONY-13BDAKL10038OA616ERX51XHOBE,2013 Sony BD players AX Series,,,,,,,,,
Dad,GOOGEUR001-M24S3Q=099V=WAZ4G6HTI,Google Chromecast streaming stick,,,,,,,,,
Dad,NFCDCH-02-RD38MMZNLG0JHG1E3NWKYNX3WH,Chrome PC (Cadmium),,,,,,,,,
Dad,NFANDROID1-BARNEBNTV250H-3D236AB0D652F4CDA4FFC79D5D699770F910510E0A48696960022226E7BB49EE,Mobile,,,,,,,,,
Dad,NFAPPL-02-IPHONE5=2-E8C86E34CB4C55DEE36EB41233F52E80FAA73E815825511D96566AF1176EFF7C,Apple iPhone 5 with CDMA,,,,,,,,,
Dad,NFANDROID1-SAMSUSM-T337VS-ECF7EF1E7CA906F1828F4BA457F01A61539DFE8B96262672AA38DCB49BF49D21,Mobile,,,,,,,,,
Dad,NFAPPL-02-IPHONE5=2-E4303A1B5EDA021C0B74F6F377104E095295E1CE2C9321974BBC695668BCA8AA,Apple iPhone 5 with CDMA,,,,,,,,,
Dad,SONY-HAV12KL1108SZA4DCE6Z134XAC6,Sony 2012 Blu-ray Players,,,,,,,,,
Dad,NFAPPL-01-IPAD3=1-1E38E86D8031CD31F6B1F8DA526C3A946D11715B274A1BF6977E6EB1E9EC2CF1,Apple iPad 3rd Gen (Wi-Fi Only) iPad,,,,,,,,,
Dad,SLW32-RD38MMZNLG0JHG1E3NWKYNX3WH,PC,,,,,,,,,
Dad,NFWRTM-X64-C0HPWMRQ183HUGP2DFHMM,Windows 8 x64 devices,,,,,,,,,
Dad,NFAPPL-02-IPHONE3=3-060549CF6EF2A9C323B19867FEB8729329459383FE42E12333449401220025DF,Apple iPhone 4 with CDMA,,,,,,,,,
Dad,SLW32-FCFW4MU09K7H7A4EPFAPVZRYW0,PC,,,,,,,,,
Dad,NFAPPL-02-IPHONE5=2-489EECBB2B546E06B15676E6148C980EE81DCE90546415ED9EF2735E3403EE5E,Apple iPhone 5 with CDMA,,,,,,,,,
Dad,NFANDROID1-AMAZOKINDLE=FIRES-77A67075F29873FA78517EC39AA340B5C36BA4B95774ECC087FEF4CC79ABAC5F,Mobile,,,,,,,,,
Dad,SLW32-2PK16MYHN6HL4YML3Y4KZ5QWW8,PC,,,,,,,,,
Dad,SLW32-T3812MXTLRPP046756E8VFW6ER,PC,,,,,,,,,
Dad,SONY-13BDAKL1002PQ7UGYSKRHKXRB3N,2013 Sony BD players AX Series,,,,,,,,,
Dad,SLW32-FQ4H0LZMT35Q894M2K0P5YW9FR,PC,,,,,,,,,
Dad,NFWRTM-X64-JGM8UM8FGCDHKVVVFG5XH,Windows 8 x64 devices,,,,,,,,,
Dad,SLW32-4A1CKLFMWYJ5T0NNYND9YQYLDH,PC,,,,,,,,,
Dad,SONY-NBX01-F0BF97507F6C,Sony Netbox,,,,,,,,,
Dad,SLW32-JXKEALMD9H0H8E3232NPXHKX1D,PC,,,,,,,,,
Dad,SLMAC-08UARKM0390HWCQ56NZM9EJ610,Mac,,,,,,,,,
Dad,SLW32-81KEALQCEQZ1V5NKYH9L11FD6H,PC,,,,,,,,,
Dad,SLW32-9DNAAM9L6PKHT96V236RAXXGM0,PC,,,,,,,,,
Dad,NFWRTM-X64-XKLCAMH8V4YATL4Q32W20,Windows 8 x64 devices,,,,,,,,,
Dad,NFAPPL-02-IPHONE3=3-D0488205C72A76868DFF860340D83C2CA91C7EE9,Apple iPhone 4 with CDMA,,,,,,,,,
Dad,XBLIVE-032549004827,Microsoft Xbox 360,,,,,,,,,
Dad,SONYNSZGT1-42BE-CF61-D3B0-6511,Sony NSZ-GT1 Blu Ray Player,,,,,,,,,
Dad,NFAPPL-02-IPHONE3=3-9C2ACB37A8B3824FE9D4A217799300AFA8D1D4210B30D914326A56DA4CDC50B7,Apple iPhone 4 with CDMA,,,,,,,,,
Dad,NFWII-005-04AC9731-00241EC5DC58,Wii Bowser,,,,,,,,,
Dad,SLMAC-KUZTFKNZCTHFK0XA1AV67FFXD8,Mac,,,,,,,,,
Dad,SONY-BDP11-F0BF97760A88,Sony BDP6G/BDV4g Blu-ray Disc Player,,,,,,,,,
Dad,NFWII-004-04AC9731-00241EC5DC58,Wii Donkey Kong,,,,,,,,,
Dad,SLW32-A709AM3TC6U1KFXYFTP5TL5N68,PC,,,,,,,,,
Dad,SLW32-UE3CYMLL684DRD6949HRUTT1F0,PC,,,,,,,,,
Dad,NFWRTM-X64-4CCX4MQ6P847ZCYNGTVAR,Windows 8 x64 devices,,,,,,,,,
Dad,NFAPPL-01-IPAD3=1-DA61DF968DC48EBD8B65832EF6076AD13AFE076E1F92CB54895F98116963AC5B,Apple iPad 3rd Gen (Wi-Fi Only) iPad,,,,,,,,,
Dad,SONY-13BDAKL1002DC-4D2YI8UTLI3=M,2013 Sony BD players AX Series,,,,,,,,,
Dad,VBR122-001=10215145454006959,Vizio VBR122 Blu-ray Player,,,,,,,,,
Dad,NFAPPL-03-APPLETV2=1-C07F7FHVDDR5,Apple TV 2,,,,,,,,,
Dad,NFAPPL-02-IPHONE3=3-B172B05103E065D4C87B9211C2639A5B9608DF934FBDE793508E1D4E788FD83F,Apple iPhone 4 with CDMA,,,,,,,,,
