Profile Name,Title Name,Country,Utc Title Add Date
Dad,Sisyphus,United States,2021-10-18
Dad,The Blacklist,United States,2021-10-10
Dad,The Movies That Made Us,United States,2021-09-16
Dad,Ganglands,United States,2021-09-16
Dad,Tribes of Europa,United States,2021-02-21
Dad,Black Site Delta,United States,2020-07-25
Dad,There Will Be Blood,United States,2020-07-25
Dad,Cloud Atlas,United States,2020-07-25
Dad,Middle Men,United States,2020-07-25
Dad,Alien Warfare,United States,2020-07-25
Dad,Lockout,United States,2020-07-25
Dad,Killing Them Softly,United States,2020-07-25
Dad,Django Unchained,United States,2020-07-25
Dad,IO,United States,2020-07-25
Dad,The I-Land,United States,2020-02-28
Dad,The Game Changers,United States,2020-02-28
Dad,Shimmer Lake,United States,2020-01-09
Dad,The Red Sea Diving Resort,United States,2020-01-09
Dad,The Departed,United States,2019-12-24
Dad,Blood Diamond,United States,2019-12-24
Dad,The Irishman,United States,2019-12-08
Dad,Star Wars: Episode VIII: The Last Jedi,United States,2019-12-08
Dad,Avengers: Infinity War,United States,2019-12-08
Dad,V Wars,Belgium,2019-10-31
Dad,Eli,Belgium,2019-10-08
Dad,Peaky Blinders,United States,2019-10-05
Dad,Point Blank,Belgium,2019-08-03
Dad,Shaft,Belgium,2019-07-26
Dad,Stratton,Belgium,2019-07-17
Dad,Mowgli: Legend of the Jungle,Belgium,2019-07-17
Dad,Murder Mystery,United States,2019-07-06
Dad,Stranger Things,Belgium,2019-07-02
Dad,When They See Us,Belgium,2019-07-02
Dad,See You Yesterday,Belgium,2019-05-17
Dad,The Hard Way,United States,2019-03-14
Dad,Triple Frontier,United States,2019-03-14
Dad,Polar,United States,2019-01-26
Dad,Bushwick,United States,2018-12-31
Dad,The Crew,United States,2018-12-31
Dad,24 Hours to Live,United States,2018-11-04
Dad,Scorpion King 5: Book of Souls,United States,2018-11-04
Dad,Titans,Belgium,2018-11-02
Dad,Titans,Belgium,2018-10-15
Dad,Titans,Belgium,2018-10-13
Dad,How It Ends,United States,2018-07-08
Dad,The Originals,Belgium,2018-03-30
Dad,Lost in Space,United States,2018-03-22
Dad,The Ranch,United States,2018-02-24
Dad,Rogue One: A Star Wars Story,United States,2018-02-21
Dad,Extract,United States,2018-02-18
Dad,A Million Ways to Die in the West,Belgium,2018-02-07
Dad,The Cloverfield Paradox,Germany,2018-02-05
Dad,Guardians of the Galaxy Vol. 2,United States,2018-01-05
Dad,Guardians of the Galaxy Vol. 2,United States,2018-01-02
Dad,Marvel's The Punisher,Belgium,2017-11-20
Dad,Between,Belgium,2017-10-01
Dad,The 100,Belgium,2017-10-01
Dad,Gotham,Belgium,2017-07-14
Dad,Escape Plan,Belgium,2017-07-14
Dad,Doctor Strange,Belgium,2017-07-14
Mom,Russian Doll,United States,2022-03-09
Mom,Patsy & Loretta,United States,2022-03-09
Mom,"Girl, Interrupted",United States,2022-01-06
Mom,Stay Close,United States,2022-01-02
Mom,First Knight,United States,2022-01-01
Mom,Oktoberfest: Beer & Blood,United States,2022-01-01
Mom,Thieves of the Wood,United States,2022-01-01
Mom,Lady Bird,United States,2021-12-27
Mom,Passing,United States,2021-11-15
Mom,The Last Czars,United States,2021-11-04
Mom,What Dreams May Come,United States,2021-08-22
Mom,1922,United States,2021-08-22
Mom,Radium Girls,United States,2021-08-22
Mom,Ophelia,United States,2021-08-22
Mom,We Have Always Lived in the Castle,United States,2021-08-22
Mom,The Umbrella Academy,United States,2021-08-15
Mom,This Changes Everything,United States,2021-07-08
Mom,Cam,United States,2021-06-03
Mom,Halston,United States,2021-05-14
Mom,Robin Hood: Prince of Thieves,United States,2021-04-07
Mom,The Blair Witch Project,United States,2021-03-28
Mom,Scary Movie 5,United States,2021-03-28
Mom,Our Idiot Brother,United States,2021-03-28
Mom,The Lost Pirate Kingdom,United States,2021-03-28
Mom,"Crazy, Stupid, Love.",United States,2021-03-28
Mom,Killer Klowns from Outer Space,United States,2021-03-28
Mom,Reign,United States,2021-03-28
Mom,Stranger Things,United States,2021-03-18
Mom,Slasher,United States,2021-03-03
Mom,American Horror Story,United States,2021-03-03
Mom,The Babysitter: Killer Queen,United States,2021-02-23
Mom,The Babysitter,United States,2021-02-23
Mom,Shameless (U.S.),United States,2021-01-27
Mom,Alias Grace,United States,2021-01-15
Mom,"As Above, So Below",United States,2021-01-12
Mom,Bridgerton,United States,2020-12-26
Mom,Christmas Survival,United States,2020-12-07
Mom,Jailbirds,United States,2020-11-20
Mom,Freak Show,United States,2020-10-22
Mom,The Pharmacist,United States,2020-10-22
Mom,The Boys in the Band,United States,2020-10-22
Mom,Fear City: New York vs The Mafia,United States,2020-10-22
Mom,Studio 54,United States,2020-10-22
Mom,Not Another Teen Movie,United States,2020-10-22
Mom,The Boys in the Band: Something Personal,United States,2020-10-22
Mom,Mucho Mucho Amor: The Legend of Walter Mercado,United States,2020-10-22
Mom,Pride & Prejudice,United States,2020-09-11
Mom,The Florida Project,United States,2020-07-01
Mom,The Danish Girl,United States,2020-07-01
Mom,The Tourist,United States,2020-07-01
Mom,Tiger King,United States,2020-03-22
Mom,Hook,United States,2020-03-14
Mom,Suffragette,United States,2020-03-05
Mom,Queen of the South,United States,2020-03-05
Mom,The Little Mermaid,United States,2020-03-05
Mom,Charlie's Angels,United States,2020-03-05
Mom,The Mask of Zorro,United States,2020-03-05
Mom,The Two Popes,United States,2020-01-05
Mom,The King,United States,2019-11-01
Mom,The After Party,United States,2019-10-24
Mom,Spring Breakers,United States,2019-10-24
Mom,Blackfish,United States,2019-10-23
Mom,BoJack Horseman,United States,2019-10-16
Mom,Father Brown,United States,2019-09-18
Mom,The Most Assassinated Woman in the World,United States,2019-09-08
Mom,Cabaret,United States,2019-09-08
Mom,The Dirt,United States,2019-06-22
Mom,Cuckoo,United States,2019-05-31
Mom,A Little Chaos,United States,2019-04-24
Mom,ReMastered: Tricky Dick & The Man in Black,United States,2019-04-20
Mom,Mad Men,United States,2019-04-12
Mom,Bonnie and Clyde,United States,2019-04-09
Mom,Junebug,United States,2019-04-04
Mom,Selling Sunset,United States,2019-03-30
Mom,The Jane Austen Book Club,United States,2019-03-21
Mom,Friends,United States,2019-01-24
Mom,FYRE: The Greatest Party That Never Happened,United States,2019-01-15
Mom,Conversations with a Killer: The Ted Bundy Tapes,United States,2019-01-15
Mom,Inside the World’s Toughest Prisons,United States,2019-01-14
Mom,Oklahoma City,United States,2019-01-14
Mom,Partners in Crime,United States,2019-01-14
Mom,Dope,United States,2019-01-14
Mom,Liberated: The New Sexual Revolution,United States,2019-01-14
Mom,After Porn Ends 3,United States,2019-01-14
Mom,Chef's Table: France,United States,2019-01-14
Mom,Flint Town,United States,2019-01-14
Mom,Secrets of Selfridges,United States,2019-01-14
Mom,Indiana Jones and the Temple of Doom,United States,2019-01-14
Mom,Indiana Jones and the Raiders of the Lost Ark,United States,2019-01-14
Mom,Maps to the Stars,United States,2019-01-14
Mom,Sex and the City: The Movie,United States,2019-01-14
Mom,Wild Wild Country,United States,2019-01-14
Mom,Drunk Stoned Brilliant Dead: The Story of the National Lampoon,United States,2019-01-14
Mom,Heroin(e),United States,2019-01-14
Mom,The Lovers and the Despot,United States,2019-01-14
Mom,Susanne Bartsch: On Top,United States,2019-01-14
Mom,After Porn Ends 2,United States,2019-01-14
Mom,The IT Crowd,United States,2019-01-14
Mom,I Am Jane Doe,United States,2019-01-14
Mom,Holy Hell,United States,2019-01-14
Mom,Indiana Jones and the Last Crusade,United States,2019-01-14
Mom,Voyeur,United States,2019-01-14
Mom,Fake or Fortune?,United States,2019-01-14
Mom,Murder Mountain,United States,2019-01-11
Mom,Quartet,United States,2019-01-09
Mom,Californication,United States,2019-01-07
Mom,Lucifer,United States,2019-01-07
Mom,You,United States,2019-01-04
Mom,Dare to Be Wild,United States,2018-12-30
Mom,Derry Girls,United States,2018-12-24
Mom,Monty Don's Italian Gardens,United States,2018-12-10
Mom,The Great British Baking Show: The Beginnings,United States,2018-12-10
Mom,All American Christmas Carol,United States,2018-12-10
Mom,Dangerous Beauty,United States,2018-12-10
Mom,Embarrassing Bodies,United States,2018-12-10
Mom,The Devil's Mistress,United States,2018-11-04
Mom,Y Tu Mamá También,United States,2018-11-04
Mom,Julie & Julia,United States,2018-11-04
Mom,The English Patient,United States,2018-11-04
Mom,Eric ldle's What About Dick?,United States,2018-10-18
Mom,Dancing Queen,United States,2018-10-07
Mom,The Windsors,United States,2018-10-05
Mom,The Spectacular Now,United States,2018-09-28
Mom,The Almighty Johnsons,United States,2018-08-28
Mom,Troy: Fall of a City,United States,2018-08-28
Mom,Troy: The Odyssey,United States,2018-08-28
Mom,The Christmas Candle,United States,2018-07-28
Mom,Absolutely Fabulous,United States,2018-07-28
Mom,The Lovely Bones,United States,2018-07-19
Mom,100% Hotter,United States,2018-07-12
Mom,Comedians in Cars Getting Coffee,United States,2018-07-12
Mom,Beauty and the Beast (2017),United States,2018-07-12
Mom,Cable Girls,United States,2018-07-05
Mom,Diary of a Chambermaid,United States,2018-07-05
Mom,The Office (U.K.),United States,2018-07-05
Mom,Lords and Ladles,United States,2018-07-05
Mom,Troy,United States,2018-07-05
Mom,Wanted,United States,2018-07-04
Mom,The End of the F***ing World,United States,2018-07-04
Mom,Jonathan Strange & Mr Norrell,United States,2018-07-04
Mom,Marcella,United States,2018-06-29
Mom,Hannah Gadsby: Nanette,United States,2018-06-28
Mom,Cherry Pop,United States,2018-06-10
Mom,Like Water for Chocolate,United States,2018-06-10
Mom,Casanova,United States,2018-06-10
Mom,Bridget Jones's Baby,United States,2018-06-10
Mom,Shakespeare: The Legacy,United States,2018-06-10
Mom,The Village,United States,2018-06-10
Mom,Pirates of the Caribbean: Dead Men Tell No Tales,United States,2018-06-10
Mom,Tulip Fever,United States,2018-03-20
Mom,Portlandia,United States,2018-02-19
Mom,Miss Julie,United States,2018-02-19
Mom,A Promise,United States,2018-02-19
Mom,Witches: A Century of Murder,United States,2018-02-19
Mom,Toast of London,United States,2018-02-19
Mom,Walt Before Mickey,United States,2018-02-19
Mom,Weeds,United States,2018-02-19
Mom,Midnight in Paris,United States,2018-02-19
Mom,Bo Burnham: Make Happy,United States,2018-01-29
Mom,Riverdale,United States,2018-01-29
Mom,The Young Victoria,United States,2018-01-29
Mom,Dallas Buyers Club,United States,2018-01-29
Mom,Velvet,United States,2018-01-29
Mom,Marie Antoinette,United States,2018-01-29
Mom,The Good Catholic,United States,2018-01-29
Mom,Skins,United States,2018-01-29
Mom,Sherlock,United States,2018-01-29
Mom,The Reader,United States,2018-01-13
Mom,While We're Young,United States,2017-10-30
Mom,Secrets of Ancient Rome,United States,2017-10-30
Mom,Fleming: The Man Who Would Be Bond,United States,2017-10-30
Mom,Amanda Knox,United States,2017-10-29
Mom,The Number 23,United States,2017-10-29
Mom,Cousin Bette,United States,2017-10-26
Mom,It Was Fifty Years Ago Today! The Beatles: Sgt. Pepper and Beyond,United States,2017-10-17
Mom,The Royal House of Windsor,United States,2017-10-07
Mom,Gaga: Five Foot Two,United States,2017-09-25
Mom,Easy Virtue,United States,2017-09-22
Mom,The Wild and Wonderful Whites of West Virginia,United States,2017-08-07
Mom,Wet Hot American Summer: Ten Years Later,United States,2017-07-30
Mom,The Ranch,United States,2017-07-30
Mom,The Witness,United States,2017-07-13
Mom,The Mitfords: A Tale of Two Sisters,United States,2017-06-05
Guest,Jessie,Germany,2019-01-03
Guest,Black Mirror,Belgium,2018-06-22
Guest,Jessie,Belgium,2018-04-13
Guest,Jessie,Belgium,2018-04-09
Guest,The Last Airbender,Belgium,2018-03-17
Guest,Raising the Bar,Belgium,2018-02-24
Guest,The Sinner,Germany,2017-12-18
Guest,The Bad Batch,Germany,2017-10-08
Guest,Shark,United States,2017-06-11
Guest,Nature's Weirdest Events,United States,2017-06-11
Guest,Galápagos,United States,2017-06-11
Guest,Growing Up Wild,United States,2017-06-11
Tree,Evan Almighty,United States,2018-03-04
Tree,Zig & Sharko,France,2017-11-25
