Profile Name,Title Name,Rating Type,Star Value,Thumbs Value,Device Model,Event Utc Ts,Region View Date
Dad,V Wars,thumb,,0,Android Phone,2019-12-20 01:03:14,
Dad,The Originals,thumb,,0,Android Phone,2019-12-20 01:02:49,
Dad,Gotham,thumb,,0,Android Phone,2019-12-20 00:59:38,
Dad,Time Trap,thumb,,2,Streaming Stick,2019-09-24 02:56:36,
Dad,Titans,thumb,,0,Android Phone,2019-05-20 21:54:28,
Dad,See You Yesterday,thumb,,1,Android Phone,2019-05-17 21:59:21,
Dad,How It Ends,thumb,,2,Roku,2019-01-13 16:31:06,
Dad,2036 Origin Unknown,thumb,,2,iPhone,2019-01-07 02:57:10,
Dad,The Titan,thumb,,1,Android Phone,2018-10-14 22:30:21,
Dad,The 100,thumb,,0,Android Phone,2018-04-29 07:03:46,
Dad,Marvel's The Punisher,thumb,,2,Android Phone,2017-11-20 07:12:05,
Dad,Pretty Little Liars,thumb,,2,Android Phone,2017-11-09 16:00:08,
Dad,Ozark,thumb,,2,Android Phone,2017-10-26 22:23:25,
Dad,Between,thumb,,2,Windows 8,2017-10-01 17:02:12,
Dad,Escape Plan,thumb,,2,Android Phone,2017-07-14 09:39:29,
Dad,The Mr. Peabody and Sherman Show,star,5,2,iPad,2015-10-09 10:14:29,2015-10-09
Dad,Free Birds,star,5,2,Roku,2015-04-23 23:40:14,2015-04-23
Dad,Fantasia,star,5,2,Roku,2015-01-12 04:57:55,2015-01-11
Dad,Fireplace for Your Home,star,5,2,iPhone,2014-12-29 02:34:48,2014-12-28
Dad,Galaxy Quest,star,5,2,Roku,2014-11-29 06:51:49,2014-11-28
Dad,Mulan,star,5,2,Smart TV,2014-11-11 13:21:29,2014-11-11
Dad,Dirty Dancing: Havana Nights,star,5,2,Smart TV,2014-10-08 04:59:42,
Dad,Frasier,star,5,2,Roku,2014-09-10 23:35:24,2014-09-10
Dad,Scooby-Doo!: Mystery Incorporated,star,-2,0,iPhone,2014-09-06 00:08:02,
Dad,Jake and the Never Land Pirates,star,5,2,Roku,2014-08-29 23:31:28,2014-08-29
Dad,How I Met Your Mother,star,5,2,Roku,2014-08-29 23:31:17,2014-08-29
Dad,Bob's Burgers,star,5,2,Laptop/Desktop,2014-05-31 20:50:11,2014-05-31
Dad,Friends,star,5,2,Laptop/Desktop,2014-05-31 20:50:09,
Dad,The Office (U.S.),star,5,2,Laptop/Desktop,2014-05-31 20:50:04,
Dad,The Walking Dead,star,5,2,Laptop/Desktop,2014-05-31 20:50:02,
Dad,Grey's Anatomy,star,5,2,Laptop/Desktop,2014-05-31 20:50:01,2014-05-31
Dad,Heroes,star,5,2,Laptop/Desktop,2014-05-31 20:49:59,
Dad,Orange Is the New Black: Season 2 (Trailer 2),star,5,2,Laptop/Desktop,2014-05-31 20:49:57,2014-05-31
Dad,Gladiator,star,5,2,Laptop/Desktop,2014-05-31 20:49:50,
Dad,The Day After Tomorrow,star,5,2,Laptop/Desktop,2014-05-31 20:49:48,
Dad,Titanic,star,5,2,Laptop/Desktop,2014-05-31 20:49:38,
Dad,Pirates of the Caribbean: The Curse of the Black Pearl,star,5,2,Laptop/Desktop,2014-05-31 20:49:34,2014-01-10
Dad,Armageddon,star,5,2,Laptop/Desktop,2014-05-31 20:49:28,
Dad,Top Gun,star,5,2,Laptop/Desktop,2014-05-31 20:49:19,
Dad,Hercules,star,5,2,Unknown,2014-05-31 20:48:55,2014-05-23
Dad,"VeggieTales: Esther, the Girl Who Became Queen",star,5,2,Unknown,2014-05-31 20:48:45,2014-05-20
Dad,Sense and Sensibility,star,5,2,Unknown,2014-05-31 20:48:37,2014-05-19
Dad,VeggieTales: It's a Meaningful Life,star,5,2,Unknown,2014-05-31 20:48:30,2014-05-19
Dad,"House, M.D.",star,5,2,Unknown,2014-05-31 20:48:19,2014-05-31
Dad,Phineas and Ferb,star,5,2,Unknown,2014-05-31 20:48:06,2014-05-31
Dad,Jobs,star,3,2,Blu-ray Player,2014-05-25 02:36:51,2014-05-21
Dad,Riding in Cars with Boys,star,5,2,Laptop/Desktop,2014-03-03 04:48:37,2014-03-02
Dad,Orange Is the New Black,star,5,2,iPad,2013-12-18 19:40:12,2013-12-18
Dad,My Week with Marilyn,star,5,2,Blu-ray Player,2013-12-03 15:41:12,2013-12-03
Dad,The Carrie Diaries,star,5,2,Blu-ray Player,2013-11-24 05:43:30,2013-11-23
Dad,Undeclared,star,4,2,iPad,2013-10-26 07:29:48,
Dad,Raising Hope,star,1,1,iPad,2013-10-26 07:25:55,
Dad,VeggieTales Classics: Where's God When I'm Scared?,star,5,2,Unknown,2013-08-15 03:46:26,2013-08-01
Dad,Law & Order: Special Victims Unit,star,5,2,Unknown,2013-08-15 03:46:19,2013-08-01
Dad,Mission: Impossible - Ghost Protocol,star,3,2,Unknown,2013-08-15 03:44:35,2013-08-14
Dad,Disney Parks: Undiscovered Disney Parks,star,4,2,iPad,2013-07-21 18:04:50,2013-07-21
Dad,An Extremely Goofy Movie,star,3,2,iPad,2013-07-21 17:08:20,2013-07-21
Dad,The Wild and Wonderful Whites of West Virginia,star,5,2,iPad,2013-07-10 03:17:36,2013-07-09
Dad,Transformers: Dark of the Moon,star,5,2,Unknown,2013-06-21 20:17:35,2013-06-07
Dad,Saturday Night Live: The 2010s,star,5,2,Unknown,2012-10-31 02:12:02,2012-10-30
Dad,No Strings Attached,star,5,2,Unknown,2012-01-02 02:58:30,2011-12-31
Dad,MythBusters,star,5,2,Unknown,2011-12-28 00:21:24,
Dad,Meet the Parents,star,5,2,Unknown,2011-12-28 00:21:21,
Dad,Melissa & Joey,star,5,2,Unknown,2011-12-28 00:21:16,
Dad,The Birdcage,star,4,2,Unknown,2011-12-28 00:21:13,2011-12-12
Dad,Futurama,star,4,2,Unknown,2011-12-28 00:21:07,
Dad,My Fake Fiancé,star,4,2,Unknown,2011-12-28 00:21:01,2011-12-15
Dad,Mrs. Doubtfire,star,5,2,Unknown,2011-12-28 00:20:56,2011-12-16
Dad,Desperate Housewives,star,5,2,Unknown,2011-12-28 00:20:52,
Dad,Hook,star,5,2,Unknown,2011-12-28 00:20:49,
Dad,Addams Family Values,star,5,2,Unknown,2011-12-15 03:54:12,
Dad,King of the Hill,star,5,2,Unknown,2011-11-29 21:01:39,
Dad,Archer,star,5,2,Unknown,2011-11-29 21:01:34,
Dad,Jersey Shore,star,5,2,Unknown,2011-11-29 21:01:29,
Dad,Keeping Up with the Kardashians,star,5,2,Unknown,2011-11-29 21:01:13,
Dad,The Cleveland Show,star,3,2,Unknown,2011-11-29 21:00:03,
Dad,Chappelle's Show,star,2,1,Unknown,2011-11-27 11:44:08,
Dad,Christmas Time in South Park,star,5,2,Unknown,2011-11-27 11:44:01,
Dad,Family Guy,star,5,2,Unknown,2011-11-27 11:43:46,
Dad,Parks and Recreation,star,5,2,Unknown,2011-06-11 14:06:18,
Dad,Scrubs,star,5,2,Unknown,2011-05-20 19:07:59,
Dad,Chaos Theory,star,2,1,Unknown,2011-05-15 16:26:10,2011-05-14
Dad,South Park,star,5,2,Unknown,2011-05-07 22:08:57,
Dad,Aaahh!!! Real Monsters,star,5,2,Unknown,2011-04-16 13:01:21,
Dad,American Dad!,star,5,2,Unknown,2010-10-01 00:00:00,
Mom,The End of the F***ing World,thumb,,3,Smart TV,2022-05-10 01:22:15,
Mom,Corpse Bride,thumb,,3,Smart TV,2022-05-10 01:21:36,
Mom,The Windsors,thumb,,3,Smart TV,2022-04-20 04:14:29,
Mom,Les Misérables,thumb,,3,Smart TV,2022-04-20 04:13:17,
Mom,Lady Bird,thumb,,3,Smart TV,2022-04-20 04:13:07,
Mom,Love Actually,thumb,,3,Smart TV,2022-04-20 04:12:59,
Mom,Little Women,thumb,,3,Smart TV,2022-04-20 04:12:54,
Mom,"Girl, Interrupted",thumb,,3,Smart TV,2022-04-20 04:12:42,
Mom,Ratched,thumb,,3,Smart TV,2022-04-20 04:12:38,
Mom,Fortune Feimster: Sweet & Salty,thumb,,3,Smart TV,2022-04-20 04:12:25,
Mom,John Mulaney: New in Town,thumb,,3,Smart TV,2022-04-20 04:12:21,
Mom,The Borgias,thumb,,3,Smart TV,2022-04-20 04:12:12,
Mom,Shameless (U.S.),thumb,,3,Smart TV,2022-04-20 04:12:02,
Mom,Call the Midwife,thumb,,3,Smart TV,2022-04-20 04:11:26,
Mom,Bridgerton,thumb,,3,Smart TV,2022-04-20 04:11:22,
Mom,Derry Girls,thumb,,3,Smart TV,2022-04-20 04:11:02,
Mom,Midnight in Paris,thumb,,3,Smart TV,2022-04-20 04:10:55,
Mom,Dark Shadows,thumb,,2,Smart TV,2022-04-20 04:09:55,
Mom,The Addams Family,thumb,,2,Smart TV,2022-04-03 00:59:23,
Mom,Hollywood,thumb,,2,Smart TV,2022-03-28 16:21:12,
Mom,Dennis the Menace,thumb,,2,Smart TV,2022-03-09 03:40:10,
Mom,I Know What You Did Last Summer,thumb,,2,Smart TV,2022-03-09 03:39:50,
Mom,Top Gun,thumb,,1,Smart TV,2022-03-09 03:35:05,
Mom,War Dogs,thumb,,2,Smart TV,2022-01-09 18:05:55,
Mom,Hall Pass,thumb,,2,Smart TV,2022-01-09 18:05:16,
Mom,Christmas with the Kranks,thumb,,1,Smart TV,2022-01-09 18:05:09,
Mom,Annie,thumb,,2,Smart TV,2022-01-09 18:04:46,
Mom,Charlie and the Chocolate Factory,thumb,,2,Smart TV,2022-01-09 18:04:36,
Mom,Tiger King: The Doc Antle Story,thumb,,2,Smart TV,2022-01-09 18:03:57,
Mom,Secret Window,thumb,,2,Streaming Stick,2022-01-01 19:52:08,
Mom,Addams Family Values,thumb,,2,Smart TV,2021-12-29 21:05:11,
Mom,The King,thumb,,2,Smart TV,2021-12-27 03:41:52,
Mom,Stepmom,thumb,,2,Smart TV,2021-12-05 19:26:55,
Mom,The Holiday,thumb,,2,Smart TV,2021-11-28 05:38:07,
Mom,Grown Ups,thumb,,2,Smart TV,2021-11-14 22:54:31,
Mom,Ghost,thumb,,2,Smart TV,2021-10-18 23:47:02,
Mom,Twilight,thumb,,2,Smart TV,2021-10-17 03:20:34,
Mom,Titanic,thumb,,2,Smart TV,2021-10-12 23:33:06,
Mom,Jimmy Neutron: Boy Genius,thumb,,1,Smart TV,2021-10-12 23:32:52,
Mom,Catch Me If You Can,thumb,,2,Smart TV,2021-08-18 04:31:06,
Mom,World's Most Wanted,thumb,,2,Smart TV,2021-08-17 05:27:53,
Mom,Crime Scene: The Vanishing at the Cecil Hotel,thumb,,2,Smart TV,2021-08-17 04:32:35,
Mom,Fun with Dick & Jane,thumb,,2,Smart TV,2021-08-15 18:33:27,
Mom,The Boss Baby: Get That Baby!,thumb,,1,Smart TV,2021-07-02 19:51:22,
Mom,Chilling Adventures of Sabrina,thumb,,2,Smart TV,2021-06-29 02:48:00,
Mom,Forensic Files,thumb,,2,Smart TV,2021-06-28 04:04:45,
Mom,Downton Abbey,thumb,,2,Smart TV,2021-06-01 17:26:50,
Mom,The Wedding Planner,thumb,,2,Smart TV,2021-04-17 10:47:32,
Mom,Accepted,thumb,,2,Smart TV,2021-04-17 10:47:14,
Mom,We Can Be Heroes,thumb,,2,iPhone,2021-04-07 20:50:23,
Mom,A Little Chaos,thumb,,2,Smart TV,2021-04-04 03:43:59,
Mom,My Fair Lady,thumb,,2,Smart TV,2021-04-01 16:50:45,
Mom,What a Girl Wants,thumb,,2,Smart TV,2021-03-28 06:33:40,
Mom,Bert Kreischer: Hey Big Boy,thumb,,2,Smart TV,2021-03-28 06:33:23,
Mom,Bert Kreischer: Secret Time,thumb,,2,Smart TV,2021-03-28 06:33:00,
Mom,National Lampoon's Christmas Vacation,thumb,,2,Smart TV,2021-03-28 06:32:50,
Mom,Bo Burnham: what.,thumb,,2,Smart TV,2021-03-28 06:32:16,
Mom,Superbad,thumb,,2,Smart TV,2021-03-28 06:32:05,
Mom,Tenacious D in The Pick of Destiny,thumb,,2,Smart TV,2021-03-28 06:30:18,
Mom,Shutter Island,thumb,,2,iPhone,2021-03-04 14:36:55,
Mom,American Horror Story,thumb,,2,Smart TV,2021-03-02 05:36:50,
Mom,Alias Grace,thumb,,2,Smart TV,2021-01-24 01:52:49,
Mom,The Next Karate Kid,thumb,,2,Smart TV,2021-01-12 05:49:59,
Mom,The Muppets,thumb,,2,Smart TV,2020-12-30 01:24:38,
Mom,Voyeur,thumb,,1,Smart TV,2020-12-15 19:43:57,
Mom,Schitt's Creek,thumb,,2,Smart TV,2020-12-13 22:58:39,
Mom,The Notebook,thumb,,1,Smart TV,2020-12-13 16:16:33,
Mom,Baby Mama,thumb,,2,Smart TV,2020-12-13 16:16:27,
Mom,Pineapple Express,thumb,,2,Smart TV,2020-12-13 16:16:20,
Mom,Easy A,thumb,,2,Smart TV,2020-12-13 16:16:05,
Mom,50 First Dates,thumb,,2,Smart TV,2020-12-13 16:15:57,
Mom,Runaway Bride,thumb,,2,Smart TV,2020-12-13 16:15:46,
Mom,Ink Master,thumb,,2,Streaming Stick,2020-12-06 18:48:26,
Mom,Jailbirds,thumb,,2,Smart TV,2020-12-03 06:32:51,
Mom,Freak Show,thumb,,2,Smart TV,2020-11-19 20:27:54,
Mom,Ocean's Eleven,thumb,,2,Smart TV,2020-11-11 19:37:58,
Mom,Ocean's Twelve,thumb,,2,Smart TV,2020-10-22 20:33:01,
Mom,Not Another Teen Movie,thumb,,2,Smart TV,2020-10-22 20:31:53,
Mom,Waiting...,thumb,,2,Smart TV,2020-10-22 20:20:42,
Mom,Stand and Deliver,thumb,,2,Smart TV,2020-10-22 20:20:19,
Mom,Heroin(e),thumb,,2,Smart TV,2020-10-22 19:56:36,
Mom,Don't F**k with Cats: Hunting an Internet Killer,thumb,,2,Smart TV,2020-10-22 05:34:16,
Mom,American Murder: The Family Next Door,thumb,,2,Streaming Stick,2020-10-08 03:38:05,
Mom,One Flew Over the Cuckoo's Nest,thumb,,2,Smart TV,2020-09-19 07:14:57,
Mom,Pride & Prejudice,thumb,,2,Streaming Stick,2020-09-11 18:30:53,
Mom,I Am Divine,thumb,,2,Streaming Stick,2020-09-08 02:41:55,
Mom,My Week with Marilyn,thumb,,2,Smart TV,2020-07-01 04:54:04,
Mom,Twister,thumb,,2,Smart TV,2020-06-05 18:20:12,
Mom,Portlandia,thumb,,1,Smart TV,2020-06-05 18:14:01,
Mom,Just Go With It,thumb,,2,Smart TV,2020-06-01 05:06:45,
Mom,What's Eating Gilbert Grape,thumb,,2,Streaming Stick,2020-05-06 01:25:35,
Mom,Tiger King,thumb,,2,Roku,2020-03-26 01:58:13,
Mom,Hook,thumb,,2,Smart TV,2020-03-14 22:28:46,
Mom,Ghosts of Girlfriends Past,thumb,,1,Roku,2020-03-05 01:39:42,
Mom,My Girl,thumb,,2,Roku,2020-03-05 01:38:51,
Mom,Richie Rich,thumb,,2,Roku,2020-03-05 01:37:52,
Mom,Driving Miss Daisy,thumb,,2,Roku,2020-03-05 01:35:04,
Mom,The Tourist,thumb,,2,Roku,2020-03-05 01:33:52,
Mom,Ghost Rider,thumb,,2,Roku,2020-03-05 01:33:40,
Mom,Harold & Kumar Go to White Castle,thumb,,1,Roku,2020-03-05 01:30:41,
Mom,The First Wives Club,thumb,,2,Roku,2020-03-05 01:30:26,
Mom,He's Just Not That Into You,thumb,,2,Roku,2020-03-05 01:29:50,
Mom,Life as We Know It,thumb,,2,Roku,2020-03-05 01:24:19,
Mom,The Lord of the Rings: The Return of the King,thumb,,2,Roku,2020-03-04 23:47:23,
Mom,The Lord of the Rings: The Two Towers,thumb,,2,Smart TV,2020-02-23 03:51:12,
Mom,Kim's Convenience,thumb,,2,Roku,2020-02-12 04:54:10,
Mom,John Mulaney: The Comeback Kid,thumb,,2,Streaming Stick,2020-01-12 00:06:59,
Mom,Across the Universe,thumb,,2,Roku,2019-10-30 03:43:32,
Mom,Eat Pray Love,thumb,,2,Smart TV,2019-10-24 17:46:38,
Mom,Haunters: The Art of the Scare,thumb,,2,Smart TV,2019-10-24 16:40:57,
Mom,BoJack Horseman,thumb,,2,Roku,2019-10-16 00:52:06,
Mom,Extras,thumb,,2,Roku,2019-09-18 04:33:33,
Mom,"Extremely Wicked, Shockingly Evil and Vile",thumb,,1,Roku,2019-09-08 03:45:44,
Mom,Pulp Fiction,thumb,,1,Roku,2019-09-08 03:44:29,
Mom,The House Bunny,thumb,,2,Roku,2019-08-08 06:49:12,
Mom,The Dirt,thumb,,2,Roku,2019-06-22 19:02:54,
Mom,Historical Roasts,thumb,,1,Smart TV,2019-05-28 14:39:12,
Mom,Who's Afraid of Virginia Woolf?,thumb,,2,Roku,2019-05-11 19:51:02,
Mom,Divine Secrets of the Ya-Ya Sisterhood,thumb,,2,Streaming Stick,2019-04-03 21:33:12,
Mom,The Highwaymen,thumb,,2,Smart TV,2019-03-31 04:28:09,
Mom,Mad Men,thumb,,2,Smart TV,2019-03-12 03:13:38,
Mom,Legally Blonde,thumb,,2,Smart TV,2019-03-11 21:21:22,
Mom,Saving Mr. Banks,thumb,,2,Smart TV,2019-03-11 21:21:12,
Mom,Abducted in Plain Sight,thumb,,2,Smart TV,2019-02-20 20:00:00,
Mom,Witches: A Century of Murder,thumb,,2,Streaming Stick,2019-02-16 19:24:12,
Mom,The Birdcage,thumb,,2,Smart TV,2019-02-12 16:24:16,
Mom,Girls Incarcerated,thumb,,1,Smart TV,2019-01-31 22:49:08,
Mom,Conversations with a Killer: The Ted Bundy Tapes,thumb,,2,Smart TV,2019-01-31 22:18:17,
Mom,John Leguizamo's Latin History for Morons,thumb,,1,Smart TV,2019-01-20 00:57:56,
Mom,The Casketeers,thumb,,1,Smart TV,2019-01-20 00:57:17,
Mom,You,thumb,,2,Smart TV,2019-01-20 00:56:59,
Mom,FYRE: The Greatest Party That Never Happened,thumb,,2,Smart TV,2019-01-19 05:03:22,
Mom,It Takes Two,thumb,,2,Smart TV,2019-01-16 23:20:27,
Mom,Tidying Up with Marie Kondo,thumb,,1,Smart TV,2019-01-15 04:10:14,
Mom,American Circumcision,thumb,,1,iPhone,2019-01-14 09:02:37,
Mom,Monty Python and the Holy Grail,thumb,,2,iPhone,2019-01-14 08:59:44,
Mom,Secrets of the Tower of London,thumb,,2,iPhone,2019-01-14 08:56:51,
Mom,Secrets of Chatsworth,thumb,,2,iPhone,2019-01-14 08:56:40,
Mom,First and Last,thumb,,2,iPhone,2019-01-14 08:47:24,
Mom,Hurricane Bianca,thumb,,2,Smart TV,2019-01-13 20:17:05,
Mom,Murder Mountain,thumb,,2,Smart TV,2019-01-11 08:35:43,
Mom,Quartet,thumb,,0,Smart TV,2019-01-09 05:30:42,
Mom,Hawaii Five-0,thumb,,1,Streaming Stick,2019-01-07 23:18:19,
Mom,Dare to Be Wild,thumb,,2,Smart TV,2018-12-30 04:09:58,
Mom,Bram Stoker's Dracula,thumb,,2,Smart TV,2018-12-10 07:44:41,
Mom,Cape Fear,thumb,,2,Smart TV,2018-12-10 07:42:36,
Mom,Pirates of the Caribbean: At World's End,thumb,,2,Smart TV,2018-12-10 07:42:08,
Mom,The Break-Up,thumb,,2,Smart TV,2018-12-10 07:41:59,
Mom,Paradise PD,thumb,,1,Smart TV,2018-11-16 15:36:59,
Mom,Meet the Fockers,thumb,,1,Smart TV,2018-11-04 21:37:14,
Mom,Year One,thumb,,1,Smart TV,2018-11-04 21:37:01,
Mom,How the Grinch Stole Christmas,thumb,,2,Smart TV,2018-11-04 21:31:14,
Mom,Sex and the City: The Movie,thumb,,2,Smart TV,2018-11-04 21:30:59,
Mom,Colonia,thumb,,2,Smart TV,2018-11-04 21:28:14,
Mom,Three Wives One Husband,thumb,,2,Smart TV,2018-11-04 18:25:48,
Mom,Friends,thumb,,2,Smart TV,2018-10-29 21:20:38,
Mom,A Young Doctor's Notebook and Other Stories,thumb,,2,Smart TV,2018-10-20 17:43:32,
Mom,Monty Python's Life of Brian,thumb,,2,Streaming Stick,2018-10-18 00:06:05,
Mom,Daniel Sloss: Live Shows,thumb,,1,Streaming Stick,2018-10-17 21:24:19,
Mom,Mary Portas: Secret Shopper,thumb,,2,Streaming Stick,2018-10-17 21:13:34,
Mom,American Pie Presents: Band Camp,thumb,,2,Roku,2018-10-05 03:36:33,
Mom,The Village,thumb,,2,Roku,2018-10-05 03:35:07,
Mom,Evan Almighty,thumb,,2,Roku,2018-10-05 03:33:55,
Mom,Zack and Miri Make a Porno,thumb,,2,Roku,2018-10-05 03:32:57,
Mom,Empire Records,thumb,,2,Roku,2018-10-05 03:30:22,
Mom,Pearl Harbor,thumb,,2,Roku,2018-10-05 03:29:40,
Mom,A Beautiful Mind,thumb,,2,Roku,2018-10-05 03:29:28,
Mom,Two Weeks Notice,thumb,,2,Roku,2018-10-05 03:29:07,
Mom,She's Out of My League,thumb,,2,Roku,2018-10-05 03:28:10,
Mom,Robin Hood: Prince of Thieves,thumb,,2,Roku,2018-10-05 03:27:26,
Mom,Episodes,thumb,,1,Roku,2018-10-01 23:52:11,
Mom,MINDHUNTER,thumb,,2,Roku,2018-09-28 00:28:36,
Mom,The Breakfast Club,thumb,,2,Smart TV,2018-09-16 03:24:26,
Mom,Up in the Air,thumb,,2,Streaming Stick,2018-08-13 02:53:06,
Mom,Insatiable,thumb,,2,Streaming Stick,2018-08-10 22:12:34,
Mom,The Dark Knight,thumb,,2,Smart TV,2018-08-08 10:15:48,
Mom,Steel Magnolias,thumb,,2,Smart TV,2018-08-08 10:15:35,
Mom,Iliza Shlesinger: Elder Millennial,thumb,,2,Streaming Stick,2018-08-04 02:40:55,
Mom,Blue Valentine,thumb,,2,Streaming Stick,2018-08-03 17:10:23,
Mom,It Was Fifty Years Ago Today! The Beatles: Sgt. Pepper and Beyond,thumb,,2,Smart TV,2018-07-30 17:37:54,
Mom,Dark Tourist,thumb,,2,Smart TV,2018-07-24 06:03:55,
Mom,Rules of Engagement,thumb,,2,Smart TV,2018-07-20 04:39:58,
Mom,Anna Karenina,thumb,,1,Smart TV,2018-07-20 04:02:36,
Mom,27: Gone Too Soon,thumb,,2,Smart TV,2018-07-20 01:57:00,
Mom,Comedians in Cars Getting Coffee,thumb,,2,Smart TV,2018-07-12 21:58:50,
Mom,Jack Whitehall: At Large,thumb,,2,Smart TV,2018-07-12 21:18:07,
Mom,Versailles,thumb,,2,Smart TV,2018-07-11 06:08:23,
Mom,The Office (U.S.),thumb,,2,Smart TV,2018-07-09 15:33:22,
Mom,Weeds,thumb,,2,Smart TV,2018-07-05 00:03:56,
Mom,Parks and Recreation,thumb,,2,Smart TV,2018-07-05 00:03:09,
Mom,The Flintstones,thumb,,2,Smart TV,2018-07-05 00:01:03,
Mom,Very British Problems,thumb,,2,Smart TV,2018-07-04 23:57:40,
Mom,Secrets of Scotland Yard,thumb,,2,Smart TV,2018-07-04 23:57:20,
Mom,The War: A Film by Ken Burns and Lynn Novick,thumb,,2,Smart TV,2018-07-04 23:57:06,
Mom,Pocahontas,thumb,,1,Smart TV,2018-07-04 23:56:42,
Mom,Blackfish,thumb,,2,Smart TV,2018-07-04 23:56:22,
Mom,Heathers,thumb,,2,Smart TV,2018-07-04 23:56:16,
Mom,The Carrie Diaries,thumb,,2,Smart TV,2018-07-04 23:56:00,
Mom,Spanglish,thumb,,2,Smart TV,2018-07-04 23:55:37,
Mom,Rent,thumb,,2,Smart TV,2018-07-04 23:55:18,
Mom,Tarzan,thumb,,1,Smart TV,2018-07-04 23:55:08,
Mom,Finding Neverland,thumb,,2,Smart TV,2018-07-04 23:54:59,
Mom,Jake's Buccaneer Blast,thumb,,1,Smart TV,2018-07-04 23:54:53,
Mom,Grey's Anatomy,thumb,,2,Smart TV,2018-07-04 23:54:46,
Mom,That '70s Show,thumb,,2,Smart TV,2018-07-04 23:54:19,
Mom,Secrets of Henry VIII's Palace: Hampton Court,thumb,,2,Smart TV,2018-07-04 23:54:10,
Mom,Law & Order: Special Victims Unit,thumb,,2,Smart TV,2018-07-04 23:54:01,
Mom,Land Girls,thumb,,2,Smart TV,2018-07-04 23:53:48,
Mom,The Great British Baking Show,thumb,,2,Smart TV,2018-07-04 23:53:31,
Mom,The Crown,thumb,,2,Smart TV,2018-07-04 23:52:58,
Mom,DreamWorks Home: For the Holidays,thumb,,1,Smart TV,2018-07-04 23:52:14,
Mom,Star Wars: Episode VIII: The Last Jedi,thumb,,2,Smart TV,2018-07-04 23:50:44,
Mom,The Princess Diaries,thumb,,2,Smart TV,2018-07-04 23:50:36,
Mom,Cooking on High,thumb,,2,Smart TV,2018-06-28 23:26:50,
Mom,Sherlock,thumb,,2,Smart TV,2018-06-25 04:00:48,
Mom,The Phantom of the Opera,thumb,,2,HTML 5,2018-06-10 06:37:48,
Mom,"Honey, We Shrunk Ourselves",thumb,,2,HTML 5,2018-06-10 04:00:14,
Mom,101 Dalmatians,thumb,,2,HTML 5,2018-06-10 03:59:54,
Mom,After Porn Ends,thumb,,2,HTML 5,2018-06-10 03:11:09,
Mom,Beerfest,thumb,,2,HTML 5,2018-06-10 03:10:29,
Mom,I Now Pronounce You Chuck and Larry,thumb,,2,HTML 5,2018-06-10 03:09:45,
Mom,The Bucket List,thumb,,2,HTML 5,2018-06-10 03:09:22,
Mom,Wanted,thumb,,2,HTML 5,2018-06-10 03:06:15,
Mom,The 40-Year-Old Virgin,thumb,,2,HTML 5,2018-06-10 03:04:34,
Mom,Mamma Mia!,thumb,,2,HTML 5,2018-06-10 03:03:57,
Mom,The King's Speech,thumb,,2,HTML 5,2018-06-10 03:03:50,
Mom,Adventures in Babysitting,thumb,,2,Streaming Stick,2018-04-12 12:53:07,
Mom,The Duchess,thumb,,2,Streaming Stick,2018-04-07 13:29:20,
Mom,Bonnie & Clyde,thumb,,2,Streaming Stick,2018-03-26 08:48:17,
Mom,Forgetting Sarah Marshall,thumb,,2,Streaming Stick,2018-03-20 16:44:01,
Mom,Revolutionary Road,thumb,,2,Streaming Stick,2018-03-20 16:43:27,
Mom,License to Wed,thumb,,1,Roku,2018-02-19 18:33:49,
Mom,Captain Underpants: The First Epic Movie,thumb,,1,Roku,2018-02-19 18:33:27,
Mom,National Treasure,thumb,,2,Roku,2018-02-19 18:31:12,
Mom,The Truman Show,thumb,,2,Roku,2018-02-19 18:30:46,
Mom,American Pie,thumb,,2,Roku,2018-02-19 18:29:02,
Mom,Marie Antoinette,thumb,,2,Roku,2018-02-19 16:27:40,
Mom,The Shawshank Redemption,thumb,,2,Roku,2018-02-19 11:26:58,
Mom,Jericho,thumb,,1,Roku,2018-02-19 11:25:04,
Mom,Frasier,thumb,,2,Roku,2018-02-19 11:24:55,
Mom,Tropic Thunder,thumb,,2,Roku,2018-02-19 11:23:47,
Mom,The Sixth Sense,thumb,,2,Roku,2018-02-19 11:22:56,
Mom,Willy Wonka & the Chocolate Factory,thumb,,2,Roku,2018-02-19 11:22:41,
Mom,Meet the Parents,thumb,,1,Roku,2018-02-19 11:22:32,
Mom,Wedding Crashers,thumb,,2,Roku,2018-02-19 11:21:34,
Mom,Magic Mike,thumb,,2,Roku,2018-02-19 11:19:05,
Mom,"To Wong Foo, Thanks for Everything! Julie Newmar",thumb,,2,Roku,2018-02-13 11:35:13,
Mom,The Men Who Stare at Goats,thumb,,2,Roku,2018-01-29 19:22:18,
Mom,Talladega Nights: The Ballad of Ricky Bobby,thumb,,2,Roku,2018-01-29 19:20:47,
Mom,"Tinker, Tailor, Soldier, Spy",thumb,,1,Roku,2018-01-29 19:20:19,
Mom,The Lord of the Rings: The Fellowship of the Ring,thumb,,2,Roku,2018-01-29 19:16:10,
Mom,Bo Burnham: Make Happy,thumb,,2,Roku,2018-01-22 19:57:07,
Mom,Atonement,thumb,,2,Roku,2018-01-05 23:39:35,
Mom,Russell Howard: Recalibrate,thumb,,2,Roku,2017-12-22 14:13:13,
Mom,Inside the World’s Toughest Prisons,thumb,,2,Roku,2017-11-05 13:35:36,
Mom,Gypsy Child Traffickers,thumb,,2,Roku,2017-10-30 21:12:06,
Mom,Romeo,thumb,,1,Roku,2017-10-26 16:13:42,
Mom,"I Love You, Man",thumb,,2,Roku,2017-10-17 07:52:09,
Mom,Lizzie Borden Took an Ax,thumb,,2,Roku,2017-10-16 21:23:07,
Mom,Beauty and the Beast (2017),thumb,,2,Roku,2017-10-07 11:29:32,
Mom,Orange Is the New Black,thumb,,2,Roku,2017-06-16 18:15:50,
Mom,Pacific Heat,thumb,,1,Roku,2017-05-15 14:18:04,
Mom,The Royals,thumb,,2,Roku,2017-05-15 14:15:29,
Mom,Prince Philip: The Plot to Make a King,thumb,,2,Roku,2017-05-15 14:12:50,
Mom,The Great British Baking Show: Masterclass,thumb,,2,Roku,2017-05-13 17:45:14,
Mom,Pirates of the Caribbean: The Curse of the Black Pearl,thumb,,2,Roku,2017-05-13 17:31:53,
Mom,H.H. Holmes: America's First Serial Killer,thumb,,2,Roku,2017-05-13 17:29:41,
Mom,Secrets of Althorp - The Spencers,thumb,,2,Roku,2017-05-13 17:29:14,
Mom,Secrets of Westminster,thumb,,2,Roku,2017-05-13 17:29:07,
Mom,The Ranch,thumb,,2,Roku,2017-04-07 14:24:03,
Mom,"O Brother, where art thou?",star,5,2,Roku,2017-04-03 16:01:25,2017-04-03
Mom,Netflix Live Canceled,star,1,1,Roku,2017-04-01 18:10:47,2017-04-01
Mom,The Three Musketeers,star,4,2,Roku,2017-01-20 09:42:00,2017-01-20
Mom,Filthy Cities,star,5,2,Roku,2017-01-14 14:11:05,2017-01-14
Mom,Hurricane Bianca,star,5,2,Roku,2017-01-14 12:03:29,
Mom,"Tinker, Tailor, Soldier, Spy",star,2,1,Roku,2016-12-29 14:24:25,2016-12-25
Mom,Breaking Bad,star,2,1,iPhone,2016-12-18 12:35:09,
Mom,Ferris Bueller's Day Off,star,3,2,iPhone,2016-12-18 12:32:32,
Mom,Adventures in Babysitting,star,4,2,iPhone,2016-12-18 12:30:34,
Mom,Seventeen Again,star,3,2,iPhone,2016-12-18 12:28:38,
Mom,The Cheetah Girls,star,3,2,iPhone,2016-12-18 12:28:31,
Mom,The Lizzie McGuire Movie,star,5,2,iPhone,2016-12-18 12:28:20,
Mom,Mean Girls,star,5,2,iPhone,2016-12-18 12:28:07,
Mom,The Royals,star,4,2,iPhone,2016-12-18 12:25:13,
Mom,Robin Hood: Prince of Thieves,star,5,2,iPhone,2016-12-18 12:23:03,
Mom,Funny or Die Presents: Donald Trump's The Art of the Deal: The Movie,star,1,1,iPhone,2016-12-18 12:19:29,
Mom,Corpse Bride,star,4,2,iPhone,2016-12-18 12:19:18,
Mom,Pirates of the Caribbean: The Curse of the Black Pearl,star,5,2,iPhone,2016-12-18 12:19:13,
Mom,Sleepy Hollow,star,4,2,iPhone,2016-12-18 12:19:07,
Mom,The Princess Bride,star,4,2,iPhone,2016-12-18 12:18:41,
Mom,Under the Tuscan Sun,star,3,2,iPhone,2016-12-18 12:14:30,2016-11-07
Mom,Adventureland,star,2,1,iPhone,2016-12-18 12:13:05,
Mom,The Lovely Bones,star,3,2,iPhone,2016-12-18 12:11:27,
Mom,Sweeney Todd: The Demon Barber of Fleet Street,star,5,2,iPhone,2016-12-18 12:11:21,2016-09-05
Mom,Saturday Night Fever,star,3,2,iPhone,2016-12-18 12:10:13,
Mom,Dazed and Confused,star,5,2,iPhone,2016-12-18 12:07:15,
Mom,Larry Crowne,star,3,2,iPhone,2016-12-18 12:06:46,
Mom,Zack and Miri Make a Porno,star,3,2,iPhone,2016-12-18 12:04:44,
Mom,Sixteen Candles,star,3,2,iPhone,2016-12-18 12:04:23,
Mom,Bo Burnham: what.,star,4,2,iPhone,2016-12-18 12:03:50,
Mom,Very British Problems,star,5,2,iPhone,2016-12-18 12:03:15,2016-12-12
Mom,Bo Burnham: Make Happy,star,4,2,iPhone,2016-12-18 11:56:14,2016-06-26
Mom,Borgia,star,2,1,iPhone,2016-12-18 11:55:16,
Mom,Hungry Hearts,star,5,2,iPhone,2016-12-18 11:51:25,
Mom,Backstreet Boys: Show 'Em What You're Made Of,star,5,2,iPhone,2016-12-18 11:50:33,
Mom,Crossroads,star,4,2,iPhone,2016-12-18 11:49:07,
Mom,Lucky Number Slevin,star,5,2,Roku,2016-12-16 19:24:30,2016-12-16
Mom,United States of Tara,star,4,2,Roku,2016-11-24 11:05:14,2016-11-24
Mom,Breakfast at Tiffany's,star,3,2,Roku,2016-11-04 21:20:58,2016-11-04
Mom,Celebrity Plastic Surgeons of Beverly Hills,star,3,2,Roku,2016-10-26 09:28:35,2016-10-26
Mom,The Ranch,star,5,2,Roku,2016-10-20 16:36:44,2016-10-20
Mom,Consumed,star,1,1,Roku,2016-09-05 15:46:15,
Mom,Death Camp Treblinka: Survivor Stories,star,5,2,Roku,2016-09-05 15:38:52,2016-09-05
Mom,Colonia,star,5,2,Roku,2016-08-06 18:00:18,
Mom,Bomb Girls,star,5,2,Roku,2016-06-05 16:05:01,2016-06-05
Mom,Land Girls,star,5,2,Roku,2016-05-18 19:08:23,2016-05-18
Mom,The Cleveland Show,star,3,2,Roku,2016-04-26 08:23:06,
Mom,The Shawshank Redemption,star,5,2,Roku,2016-04-24 18:13:48,
Mom,Great Expectations,star,5,2,Roku,2016-03-11 09:25:30,2016-03-11
Mom,Shakespeare in Love,star,5,2,Roku,2016-03-11 09:23:41,2016-03-09
Mom,Must Love Dogs,star,3,2,Roku,2016-03-08 21:36:50,
Mom,The Magdalene Sisters,star,4,2,Roku,2016-03-08 20:06:57,2016-03-08
Mom,Bonnie & Clyde,star,5,2,Roku,2016-03-06 22:33:40,2016-03-06
Mom,Across the Universe,star,5,2,Roku,2016-02-09 19:43:41,2016-02-09
Mom,Talladega Nights: The Ballad of Ricky Bobby,star,5,2,Roku,2016-02-09 19:41:58,
Mom,American Dad!,star,5,2,Smart TV,2016-01-15 08:40:20,2016-01-03
Mom,Pride & Prejudice,star,5,2,Smart TV,2016-01-15 08:40:06,2016-01-03
Mom,Nanny McPhee,star,5,2,Smart TV,2016-01-15 08:35:51,
Mom,Finding Neverland,star,5,2,Smart TV,2016-01-15 08:35:23,
Mom,Secrets of the Tower of London,star,5,2,Smart TV,2016-01-15 08:33:18,2016-01-14
Mom,The Tudors,star,3,2,Smart TV,2016-01-06 20:38:31,2016-01-06
Mom,Jonestown: Paradise Lost,star,5,2,Roku,2015-11-24 18:48:29,2015-11-24
Mom,Bridget Jones: The Edge of Reason,star,5,2,Roku,2015-09-27 19:00:23,2015-09-27
Mom,Bridget Jones's Diary,star,5,2,Roku,2015-09-26 12:49:40,2015-09-26
Mom,Intervention: Collection,star,2,1,Roku,2015-08-27 20:02:33,2015-08-27
Mom,The Duchess,star,4,2,Roku,2015-08-27 15:22:34,2015-08-27
Mom,Archer,star,5,2,Roku,2015-08-13 13:56:40,2015-08-13
Mom,The Borgias,star,5,2,Roku,2015-08-09 19:35:25,2015-08-09
Mom,Elizabethtown,star,4,2,Roku,2015-08-07 23:35:16,
Mom,Benny and Joon,star,5,2,Roku,2015-08-07 23:34:54,
Mom,Kipper: Kipper Helps Out,star,1,1,iPhone,2015-07-30 02:47:02,2015-07-16
Mom,Delta Farce,star,1,1,Roku,2015-07-23 18:07:12,2015-04-25
Mom,Bob's Burgers,star,5,2,Roku,2015-07-23 03:54:56,2015-07-22
Mom,Legally Blonde,star,4,2,Roku,2015-07-16 15:17:59,2015-07-16
Mom,Drive Me Crazy,star,5,2,Roku,2015-07-11 17:35:21,2015-07-11
Mom,Tricked,star,3,2,Roku,2015-03-27 14:29:17,2015-03-26
Mom,Divine Secrets of the Ya-Ya Sisterhood,star,5,2,Roku,2015-03-20 15:05:56,2015-03-20
Mom,Gentlemen Prefer Blondes,star,5,2,Roku,2015-03-18 18:54:06,2014-11-09
Mom,Mystery Files: Hitler,star,4,2,Roku,2015-03-02 23:53:21,2015-03-02
Mom,Hitler's G.I Death Camp,star,5,2,Roku,2015-03-02 23:53:14,2015-03-02
Mom,Mystery Files: Abraham Lincoln,star,4,2,Roku,2015-03-02 23:52:31,2015-03-02
Mom,Nature: Animal Odd Couples,star,4,2,Roku,2015-03-01 23:13:58,2015-01-13
Mom,National Geographic: Inside North Korea,star,5,2,Roku,2015-03-01 23:11:44,2014-12-30
Mom,Saved by the Bell,star,4,2,Roku,2015-03-01 23:10:47,
Mom,30 Rock,star,2,1,Roku,2015-03-01 23:10:25,
Mom,CSI: NY,star,3,2,Roku,2015-03-01 23:10:07,2014-09-28
Mom,The War: A Film by Ken Burns and Lynn Novick,star,5,2,Roku,2015-03-01 23:10:01,
Mom,Scrubs,star,5,2,Roku,2015-03-01 23:09:24,
Mom,The Dick Van Dyke Show,star,5,2,Roku,2015-03-01 23:08:59,
Mom,The Andy Griffith Show,star,4,2,Roku,2015-03-01 23:08:40,2015-02-13
Mom,Our Idiot Brother,star,3,2,Roku,2015-03-01 23:08:26,
Mom,Tiny: A Story About Living Small,star,4,2,Roku,2015-03-01 23:08:18,
Mom,The Guilt Trip,star,1,1,Roku,2015-03-01 23:08:09,
Mom,Grease,star,5,2,Roku,2015-03-01 23:08:00,
Mom,Clue,star,5,2,Roku,2015-03-01 23:07:33,
Mom,Hook,star,5,2,Roku,2015-03-01 23:07:01,
Mom,Cadet Kelly,star,3,2,Roku,2015-03-01 23:06:42,
Mom,The First 48: Collection,star,4,2,Roku,2015-03-01 23:02:19,
Mom,Kitchen Nightmares (U.S.),star,5,2,Roku,2015-03-01 23:02:09,
Mom,Lilyhammer,star,4,2,Roku,2015-03-01 23:01:38,2015-01-15
Mom,Melissa & Joey,star,4,2,Roku,2015-03-01 23:01:29,
Mom,Anchorman 2: The Legend Continues,star,3,2,Roku,2015-03-01 23:01:23,2015-02-27
Mom,"Good Morning, Vietnam",star,5,2,Roku,2015-03-01 23:00:02,
Mom,Sleepless in Seattle,star,4,2,Roku,2015-03-01 22:59:40,
Mom,Steel Magnolias,star,5,2,Roku,2015-03-01 22:59:35,
Mom,CSI: Miami,star,3,2,Roku,2015-03-01 22:58:57,
Mom,Bates Motel,star,2,1,Roku,2015-03-01 22:58:39,
Mom,New Girl,star,1,1,Roku,2015-03-01 22:57:24,
Mom,Raising Hope,star,1,1,Roku,2015-03-01 22:56:58,
Mom,That '70s Show,star,5,2,Roku,2015-03-01 22:56:52,2014-10-21
Mom,Lars and the Real Girl,star,3,2,Roku,2015-03-01 22:51:59,2015-03-01
Mom,Ghost,star,5,2,Roku,2015-03-01 18:57:32,
Mom,Burn Notice,star,2,1,Roku,2015-03-01 18:53:55,
Mom,Dirty Dancing,star,5,2,Roku,2015-03-01 18:52:22,
Mom,The Truth Behind: The Bermuda Triangle,star,4,2,Roku,2015-03-01 18:51:28,
Mom,Grounded for Life,star,5,2,Blu-ray Player,2015-02-23 17:04:53,2015-02-23
Mom,The Paradise,star,4,2,Roku,2015-02-03 13:10:04,2015-02-03
Mom,Secrets of Henry VIII's Palace: Hampton Court,star,5,2,Roku,2015-01-28 22:04:25,2015-01-28
Mom,Blackfish,star,5,2,Roku,2015-01-27 22:29:32,2015-01-27
Mom,Frontline: Secret State of North Korea,star,5,2,Roku,2015-01-27 18:32:30,2015-01-27
Mom,Preachers' Daughters,star,2,1,Roku,2015-01-27 16:54:14,2015-01-27
Mom,Fried Green Tomatoes,star,5,2,Roku,2015-01-08 21:28:20,2015-01-08
Mom,Galaxy Quest,star,5,2,Roku,2015-01-01 21:47:31,2014-12-29
Mom,Frasier,star,5,2,Roku,2015-01-01 15:56:27,2015-01-01
Mom,Roseanne Collection,star,5,2,iPhone,2014-12-30 16:19:33,2014-12-30
Mom,Family Guy,star,3,2,Roku,2014-12-20 16:30:03,2014-12-20
Mom,Scooby-Doo!: Mystery Incorporated,star,1,1,Roku,2014-12-20 06:24:50,
Mom,Mona Lisa Smile,star,5,2,Roku,2014-12-20 06:22:14,
Mom,Troop Beverly Hills,star,4,2,Roku,2014-12-20 06:21:59,
Mom,School of Rock,star,5,2,Roku,2014-12-20 06:19:41,2014-12-14
Mom,The Other Sister,star,5,2,Roku,2014-12-19 22:41:35,2014-12-19
Mom,Titanic's Final Mystery,star,4,2,Roku,2014-12-19 03:32:42,
Mom,The Truman Show,star,4,2,Roku,2014-12-19 03:27:46,
Mom,You've Got Mail,star,5,2,Roku,2014-11-30 03:03:59,2014-11-12
Mom,The Carrie Diaries,star,5,2,Smart TV,2014-11-13 05:14:44,2014-11-12
Mom,My Week with Marilyn,star,5,2,Smart TV,2014-11-04 05:12:44,2014-11-03
Mom,The Birdcage,star,5,2,Smart TV,2014-11-04 05:11:11,2014-08-12
Mom,Blue Valentine,star,5,2,Smart TV,2014-11-04 05:09:32,
Mom,Love Actually,star,5,2,Smart TV,2014-11-04 05:03:10,2014-06-14
Mom,Charade,star,5,2,Smart TV,2014-11-04 05:02:59,
Mom,Mary and Max,star,5,2,Smart TV,2014-11-02 05:12:01,
Mom,Saved!,star,5,2,Roku,2014-10-31 18:22:35,2014-10-31
Mom,Heathers,star,5,2,Smart TV,2014-10-31 06:05:19,2014-08-08
Mom,Call the Midwife,star,5,2,Smart TV,2014-10-30 02:56:12,2014-10-29
Mom,How I Met Your Mother,star,5,2,Roku,2014-10-28 01:02:32,2014-10-27
Mom,Serving Life,star,5,2,Smart TV,2014-10-23 05:49:42,2014-10-22
Mom,Small Town Security,star,1,1,Roku,2014-10-20 18:56:10,2014-10-20
Mom,The Virgin Suicides,star,5,2,Roku,2014-10-20 17:34:03,
Mom,Forgotten Planet,star,4,2,Smart TV,2014-10-20 05:39:11,2014-10-19
Mom,Eating with Cannibals,star,3,2,Roku,2014-10-19 16:54:13,2014-10-19
Mom,National Geographic: World's Most Dangerous Gang,star,5,2,Roku,2014-10-19 16:06:55,2014-10-19
Mom,Riding in Cars with Boys,star,5,2,Roku,2014-10-18 17:00:46,2014-10-18
Mom,Monica & David,star,5,2,Smart TV,2014-10-17 03:29:06,2014-10-16
Mom,"House, M.D.",star,4,2,Smart TV,2014-10-17 02:22:07,2014-09-19
Mom,The Wedding Planner,star,4,2,Smart TV,2014-10-17 02:21:26,
Mom,The Big Wedding,star,5,2,Smart TV,2014-10-16 04:15:59,2014-05-27
Mom,Heavenly Creatures,star,4,2,Smart TV,2014-10-16 04:15:11,
Mom,Wish Upon a Star,star,4,2,Smart TV,2014-10-16 01:43:16,2014-10-15
Mom,What to Expect When You're Expecting,star,4,2,Smart TV,2014-10-16 01:40:48,
Mom,Grey's Anatomy,star,5,2,Smart TV,2014-10-16 01:40:41,2014-10-06
Mom,The Walking Dead,star,5,2,Smart TV,2014-10-16 01:40:24,2014-10-12
Mom,L!fe Happens,star,1,1,Smart TV,2014-10-15 04:35:22,
Mom,What's Eating Gilbert Grape,star,5,2,Smart TV,2014-10-15 04:34:28,2014-10-14
Mom,Rent,star,5,2,Smart TV,2014-10-15 04:32:40,2014-06-12
Mom,Titanic,star,5,2,Smart TV,2014-10-15 04:32:28,2014-07-28
Mom,Fargo,star,5,2,Smart TV,2014-10-15 04:31:38,
Mom,Forrest Gump,star,5,2,Smart TV,2014-10-15 04:31:24,
Mom,The Switch,star,4,2,Smart TV,2014-10-15 04:31:10,
Mom,Sense and Sensibility,star,5,2,Smart TV,2014-10-15 04:28:32,2014-08-27
Mom,Orange Is the New Black,star,5,2,Roku,2014-10-14 18:08:47,2014-10-14
Guest,Fun with Dick & Jane,thumb,,2,Set Top Box,2021-07-13 00:18:44,
Guest,Saving Mr. Banks,thumb,,2,Smart TV,2019-11-08 23:05:51,
Guest,Bon Bini Holland,thumb,,2,Smart TV,2018-04-24 14:58:18,
Guest,Jessie,thumb,,2,Smart TV,2018-04-13 13:35:52,
Guest,The Hero of Color City,star,4,2,Roku,2016-06-30 14:42:49,2016-06-30
Tree,Is It Cake?,thumb,,2,Smart TV,2022-03-27 03:01:39,
Tree,We Can Be Heroes,thumb,,2,Smart TV,2021-04-07 20:25:12,
Tree,Simon,thumb,,2,Smart TV,2021-03-05 19:51:47,
Tree,Masha and the Bear,thumb,,2,Smart TV,2021-03-01 23:59:26,
Tree,It Takes Two,thumb,,2,Smart TV,2020-03-29 01:03:45,
Tree,Mutant Busters,thumb,,2,Smart TV,2019-10-07 23:08:48,
Tree,Spy Kids 3: Game Over,thumb,,2,Smart TV,2019-06-16 18:43:12,
Tree,Super Monsters Furever Friends,thumb,,2,Smart TV,2019-04-19 14:50:45,
Tree,The Incredibles 2,thumb,,2,Roku,2019-02-01 04:20:27,
Tree,The Road to El Dorado,thumb,,2,Smart TV,2018-10-25 02:27:25,
Tree,Horrid Henry,thumb,,1,Xbox_One_S,2018-07-14 22:56:12,
Tree,Pokémon The Series: Indigo League,thumb,,2,Smart TV,2018-06-29 03:04:41,
Tree,Despicable Me 2,thumb,,1,Smart TV,2018-02-13 17:00:36,
Tree,Jessie,thumb,,2,Smart TV,2018-01-07 11:49:39,
Tree,Scooby-Doo!: Mystery Incorporated,star,1,1,Roku,2014-10-13 16:09:27,
