Esn,Country,Localized Device Description,Device Description,Ip,Region Code Display Name,Ts
NFANDROID2-PRV-FTVET31DOVI2020-AMAZOAFTDCT31-16306-1360699F7E985F3E9E189C9F4A7E02B2A6B38ADD14DBC1B0F7250F15D0B6A1E1,US,Amazon FTVET31DOVI2020 Smart TV,Amazon FTVET31DOVI2020 Smart TV,76.185.170.28,Texas,2022-05-22T14:56:25.205Z
RKU-7XXXXHYN00N2125085,US,Roku TV 7XXXX,Roku Longview HDR10 Smart TV,76.185.170.28,Texas,2022-05-19T12:50:17.331Z
NFUWA-001-C3D330AF24AEFEDDD7EA820CF91B1E35610E260DFD206CAA3AE089B7EF309AF0B955552FD1C117C9E66746E587E2DB82586168A7234710756822439AB2960F52,US,Netflix Windows App - Cadmium Windows Mobile,Netflix Windows App - Cadmium Windows Mobile,76.185.170.28,Texas,2022-05-18T01:40:02.277Z
NFCDIE-04-H5Z53EJ7VD8AE42P4R74QHA8PTJVGV,US,Edge OSS - Mac (Cadmium),Edge OSS - Mac (Cadmium),76.185.170.28,Texas,2022-05-15T05:50:20.228Z
RKU-7XXXXDYS0046097619,US,Roku TV 7XXXX,Roku Longview DV Smart TV,76.185.170.28,Texas,2022-05-10T01:21:26.445Z
NFAPPL-02-IPHONE12=1-CC8B828CC65C22B96A548E50003EAF5B3EAC0BF42D525F1B13A98CA949AFAFD2,US,Apple iPhone 11,Apple iPhone 11,2600:100c:b04b:e707:ed13:bb8:b41a:59dc,Texas,2022-05-03T05:01:02.964Z
NFXBSX-02-1AB85J0902SMJ805JZYCVDWPFCRAA674C47P38U8B4CNM9ZKK592,US,Microsoft Xbox Series S,Microsoft Xbox Series S,72.66.72.74,Washington DC,2022-04-10T01:42:17.527Z
RKU-380XX-YF000S455300,US,Roku Streaming Player 38XXX,Roku Amarillo1080 Set Top Box,76.185.170.28,Texas,2022-04-03T16:27:41.674Z
NFANDROID2-PRV-FIRETVSTICK2016-AMAZOAFTT-16384-FBAC0857D16219F8D782F13C51844802F10DC2B4BD3BF6DB6E11C5A15C751D7C,US,FireTV Stick 2016,FireTV Stick 2016,76.185.170.28,Texas,2022-03-18T06:03:14.043Z
NFCDIE-04-H5Z53EJ7VD8AE42P4R74QHA8PTJVGV,US,Edge OSS - Mac (Cadmium),Edge OSS - Mac (Cadmium),76.185.170.28,Texas,2022-02-28T04:31:48.464Z
NFUWA-001-C3D330AF24AEFEDDD7EA820CF91B1E35610E260DFD206CAA3AE089B7EF309AF0B955552FD1C117C9E66746E587E2DB82586168A7234710756822439AB2960F52,US,Netflix Windows App - Cadmium Windows Mobile,Netflix Windows App - Cadmium Windows Mobile,76.185.170.28,Texas,2022-02-27T05:52:33.084Z
NFCDIE-04-H5Z53EJ7VD8AE42P4R74QHA8PTJVGV,US,Edge OSS - Mac (Cadmium),Edge OSS - Mac (Cadmium),2603:8081:5302:3f85:e441:e6a2:1ec2:3ad5,Texas,2022-02-21T15:30:48.829Z
NFCDIE-04-H5Z53EJ7VD8AE42P4R74QHA8PTJVGV,US,Edge OSS - Mac (Cadmium),Edge OSS - Mac (Cadmium),2603:8081:5302:3f85:846c:6c59:5097:b7b7,Texas,2022-02-19T17:09:49.307Z
NFCDIE-04-H5Z53EJ7VD8AE42P4R74QHA8PTJVGV,US,Edge OSS - Mac (Cadmium),Edge OSS - Mac (Cadmium),2603:8081:5302:3f85:846c:6c59:5097:b7b7,Texas,2022-02-14T01:39:39.734Z
NFCDIE-04-H5Z53EJ7VD8AE42P4R74QHA8PTJVGV,US,Edge OSS - Mac (Cadmium),Edge OSS - Mac (Cadmium),2603:8081:5302:3f85:e905:d3e8:d386:affa,Texas,2022-02-12T23:27:13.486Z
NFCDIE-04-H5Z53EJ7VD8AE42P4R74QHA8PTJVGV,US,Edge OSS - Mac (Cadmium),Edge OSS - Mac (Cadmium),2603:8081:5302:3f85:e905:d3e8:d386:affa,Texas,2022-02-09T03:42:37.327Z
NFCDIE-04-H5Z53EJ7VD8AE42P4R74QHA8PTJVGV,US,Edge OSS - Mac (Cadmium),Edge OSS - Mac (Cadmium),2603:8081:5302:3f85:e536:c5bf:2faa:8822,Texas,2022-02-08T02:14:02.958Z
NFCDIE-04-H5Z53EJ7VD8AE42P4R74QHA8PTJVGV,US,Edge OSS - Mac (Cadmium),Edge OSS - Mac (Cadmium),2603:8081:5302:3f85:e536:c5bf:2faa:8822,Texas,2022-02-06T15:20:53.334Z
NFUWA-001-BF805D3BCB0E01B1DE527AF8F83F53279D629D0B7C5E4A7BB5926E119144982D,US,Netflix Windows App - Cadmium Windows Mobile,Netflix Windows App - Cadmium Windows Mobile,76.185.170.28,Texas,2022-01-31T05:22:46.882Z
NFAPPL-02-IPHONE12=1-CC8B828CC65C22B96A548E50003EAF5B3EAC0BF42D525F1B13A98CA949AFAFD2,US,Apple iPhone 11,Apple iPhone 11,76.185.170.28,Texas,2022-01-30T21:47:06.107Z
NFUWA-001-BF805D3BCB0E01B1DE527AF8F83F53279D629D0B7C5E4A7BB5926E119144982D,US,Netflix Windows App - Cadmium Windows Mobile,Netflix Windows App - Cadmium Windows Mobile,2603:8081:5302:3f85:e0c1:f3e:e27:ce15,Texas,2022-01-30T20:57:29.461Z
NFUWA-001-BF805D3BCB0E01B1DE527AF8F83F53279D629D0B7C5E4A7BB5926E119144982D,US,Netflix Windows App - Cadmium Windows Mobile,Netflix Windows App - Cadmium Windows Mobile,76.185.170.28,Texas,2022-01-30T01:17:46.944Z
NFCDIE-04-H5Z53EJ7VD8AE42P4R74QHA8PTJVGV,US,Edge OSS - Mac (Cadmium),Edge OSS - Mac (Cadmium),2603:8081:5302:3f85:cdd7:f0b4:72cb:44b6,Texas,2022-01-03T00:37:10.546Z
NFUWA-001-BF805D3BCB0E01B1DE527AF8F83F53279D629D0B7C5E4A7BB5926E119144982D,US,Netflix Windows App - Cadmium Windows Mobile,Netflix Windows App - Cadmium Windows Mobile,76.185.170.28,Texas,2022-01-02T22:59:18.364Z
NFUWA-001-BF805D3BCB0E01B1DE527AF8F83F53279D629D0B7C5E4A7BB5926E119144982D,US,Netflix Windows App - Cadmium Windows Mobile,Netflix Windows App - Cadmium Windows Mobile,2603:8081:5302:3f85:15f9:6c78:ba8f:7f2b,Texas,2022-01-02T22:13:54.678Z
NFAPPL-02-IPHONE12=1-CC8B828CC65C22B96A548E50003EAF5B3EAC0BF42D525F1B13A98CA949AFAFD2,US,Apple iPhone 11,Apple iPhone 11,2603:8081:5302:3f85:2dfa:92d4:5934:2817,Texas,2022-01-02T20:10:59.027Z
NFUWA-001-BF805D3BCB0E01B1DE527AF8F83F53279D629D0B7C5E4A7BB5926E119144982D,US,Netflix Windows App - Cadmium Windows Mobile,Netflix Windows App - Cadmium Windows Mobile,2603:8081:5302:3f85:75a9:b00e:34c:f024,Texas,2021-12-31T01:56:15.651Z
NFUWA-001-BF805D3BCB0E01B1DE527AF8F83F53279D629D0B7C5E4A7BB5926E119144982D,US,Netflix Windows App - Cadmium Windows Mobile,Netflix Windows App - Cadmium Windows Mobile,76.185.170.28,Texas,2021-12-30T00:34:10.062Z
NFUWA-001-BF805D3BCB0E01B1DE527AF8F83F53279D629D0B7C5E4A7BB5926E119144982D,US,Netflix Windows App - Cadmium Windows Mobile,Netflix Windows App - Cadmium Windows Mobile,2603:8081:5302:3f85:7947:b5b9:ff66:4ef4,Texas,2021-12-30T00:05:06.190Z
NFCDIE-04-H5Z53EJ7VD8AE42P4R74QHA8PTJVGV,US,Edge OSS - Mac (Cadmium),Edge OSS - Mac (Cadmium),2603:8081:5302:3f85:cdd7:f0b4:72cb:44b6,Texas,2021-12-29T04:26:18.606Z
NFCDIE-04-H5Z53EJ7VD8AE42P4R74QHA8PTJVGV,US,Edge OSS - Mac (Cadmium),Edge OSS - Mac (Cadmium),2603:8081:5302:3f85:d58:566d:b181:864f,Texas,2021-12-29T02:30:37.585Z
NFCDIE-04-H5Z53EJ7VD8AE42P4R74QHA8PTJVGV,US,Edge OSS - Mac (Cadmium),Edge OSS - Mac (Cadmium),2603:8081:5302:3f85:9b9:6efd:338d:f001,Texas,2021-12-05T23:05:01.482Z
NFCDIE-04-H5Z53EJ7VD8AE42P4R74QHA8PTJVGV,US,Edge OSS - Mac (Cadmium),Edge OSS - Mac (Cadmium),2603:8081:5302:3f85:9919:d44d:bf67:f19c,Texas,2021-12-04T20:48:25.065Z
NFCDIE-04-H5Z53EJ7VD8AE42P4R74QHA8PTJVGV,US,Edge OSS - Mac (Cadmium),Edge OSS - Mac (Cadmium),2603:8081:5302:3f85:9919:d44d:bf67:f19c,Texas,2021-12-03T23:13:42.663Z
NFCDIE-04-H5Z53EJ7VD8AE42P4R74QHA8PTJVGV,US,Edge OSS - Mac (Cadmium),Edge OSS - Mac (Cadmium),2603:8081:5302:3f85:24e5:635d:22f8:2dc,Texas,2021-12-03T12:00:02.846Z
NFCDIE-04-H5Z53EJ7VD8AE42P4R74QHA8PTJVGV,US,Edge OSS - Mac (Cadmium),Edge OSS - Mac (Cadmium),2603:8081:5302:3f85:24e5:635d:22f8:2dc,Texas,2021-12-03T03:20:04.479Z
NFCDIE-04-H5Z53EJ7VD8AE42P4R74QHA8PTJVGV,US,Edge OSS - Mac (Cadmium),Edge OSS - Mac (Cadmium),2603:8081:5302:3f85:718a:a55d:fdee:9c08,Texas,2021-12-03T02:11:20.544Z
NFAPPL-02-IPHONE12=1-CC8B828CC65C22B96A548E50003EAF5B3EAC0BF42D525F1B13A98CA949AFAFD2,US,Apple iPhone 11,Apple iPhone 11,76.185.170.28,Texas,2021-12-02T04:39:49.174Z
NFCDIE-04-H5Z53EJ7VD8AE42P4R74QHA8PTJVGV,US,Edge OSS - Mac (Cadmium),Edge OSS - Mac (Cadmium),2603:8081:5302:3f85:718a:a55d:fdee:9c08,Texas,2021-12-01T01:46:02.566Z
NFCDIE-04-H5Z53EJ7VD8AE42P4R74QHA8PTJVGV,US,Edge OSS - Mac (Cadmium),Edge OSS - Mac (Cadmium),2603:8081:5302:3f85:10d9:f66a:4e89:df68,Texas,2021-11-30T12:33:37.816Z
NFCDIE-04-H5Z53EJ7VD8AE42P4R74QHA8PTJVGV,US,Edge OSS - Mac (Cadmium),Edge OSS - Mac (Cadmium),2603:8081:5302:3f85:10d9:f66a:4e89:df68,Texas,2021-11-28T18:33:23.072Z
NFCDIE-04-H5Z53EJ7VD8AE42P4R74QHA8PTJVGV,US,Edge OSS - Mac (Cadmium),Edge OSS - Mac (Cadmium),2603:8081:5302:3f85:e157:4180:f00f:e839,Texas,2021-11-28T00:40:58.187Z
NFCDIE-04-H5Z53EJ7VD8AE42P4R74QHA8PTJVGV,US,Edge OSS - Mac (Cadmium),Edge OSS - Mac (Cadmium),2603:8081:5302:3f85:e157:4180:f00f:e839,Texas,2021-11-27T15:35:51.962Z
NFCDIE-04-H5Z53EJ7VD8AE42P4R74QHA8PTJVGV,US,Edge OSS - Mac (Cadmium),Edge OSS - Mac (Cadmium),2603:8081:5302:3f85:b171:1e86:6fa9:6f8b,Texas,2021-11-26T23:42:53.259Z
NFCDIE-04-H5Z53EJ7VD8AE42P4R74QHA8PTJVGV,US,Edge OSS - Mac (Cadmium),Edge OSS - Mac (Cadmium),2603:8081:5302:3f85:b171:1e86:6fa9:6f8b,Texas,2021-11-26T02:30:43.881Z
NFCDIE-04-H5Z53EJ7VD8AE42P4R74QHA8PTJVGV,US,Edge OSS - Mac (Cadmium),Edge OSS - Mac (Cadmium),2603:8081:5302:3f85:529:aa28:3e00:69c9,Texas,2021-11-25T17:20:50.346Z
NFCDIE-04-H5Z53EJ7VD8AE42P4R74QHA8PTJVGV,US,Edge OSS - Mac (Cadmium),Edge OSS - Mac (Cadmium),2603:8081:5302:3f85:529:aa28:3e00:69c9,Texas,2021-11-25T01:49:52.951Z
NFAPPL-02-IPHONE12=1-CC8B828CC65C22B96A548E50003EAF5B3EAC0BF42D525F1B13A98CA949AFAFD2,US,Apple iPhone 11,Apple iPhone 11,76.185.170.28,Texas,2021-11-22T05:17:37.462Z
NFAPPL-02-IPHONE12=1-CC8B828CC65C22B96A548E50003EAF5B3EAC0BF42D525F1B13A98CA949AFAFD2,US,Apple iPhone 11,Apple iPhone 11,2600:100c:b010:4235:6c17:5594:129c:f43d,Texas,2021-11-21T21:14:20.502Z
NFAPPL-02-IPHONE12=1-CC8B828CC65C22B96A548E50003EAF5B3EAC0BF42D525F1B13A98CA949AFAFD2,US,Apple iPhone 11,Apple iPhone 11,2600:100c:b01f:a57f:a1d8:4a79:b30f:fb03,Texas,2021-11-18T04:11:38.294Z
NFCDIE-04-H5Z53EJ7VD8AE42P4R74QHA8PTJVGV,US,Edge OSS - Mac (Cadmium),Edge OSS - Mac (Cadmium),76.185.170.28,Texas,2021-10-29T01:04:12.941Z
NFUWA-001-23CFC46AA50210E8C0C16E7FA575DAC1F0B50285F635F1052444718877F0FC6D,US,Netflix Windows App - Cadmium Windows Mobile,Netflix Windows App - Cadmium Windows Mobile,76.185.170.28,Texas,2021-10-18T22:29:40.109Z
NFCDIE-04-H5Z53EJ7VD8AE42P4R74QHA8PTJVGV,US,Edge OSS - Mac (Cadmium),Edge OSS - Mac (Cadmium),76.185.170.28,Texas,2021-10-11T08:47:55.888Z
NFCDIE-04-H5Z53EJ7VD8AE42P4R74QHA8PTJVGV,US,Edge OSS - Mac (Cadmium),Edge OSS - Mac (Cadmium),2603:8081:5302:3f85:88ee:796a:1af9:403b,Texas,2021-10-11T03:57:57.352Z
NFCDIE-04-H5Z53EJ7VD8AE42P4R74QHA8PTJVGV,US,Edge OSS - Mac (Cadmium),Edge OSS - Mac (Cadmium),76.185.170.28,Texas,2021-10-11T02:57:34.176Z
NFUWA-001-BF805D3BCB0E01B1DE527AF8F83F53279D629D0B7C5E4A7BB5926E119144982D,US,Netflix Windows App - Cadmium Windows Mobile,Netflix Windows App - Cadmium Windows Mobile,76.185.170.28,Texas,2021-10-10T15:49:58.127Z
NFUWA-001-BF805D3BCB0E01B1DE527AF8F83F53279D629D0B7C5E4A7BB5926E119144982D,US,Netflix Windows App - Cadmium Windows Mobile,Netflix Windows App - Cadmium Windows Mobile,76.185.170.28,Texas,2021-10-10T01:03:39.941Z
NFCDIE-04-H5Z53EJ7VD8AE42P4R74QHA8PTJVGV,US,Edge OSS - Mac (Cadmium),Edge OSS - Mac (Cadmium),2603:8081:5302:3f85:ed2a:d833:46ca:8bad,Texas,2021-09-27T00:27:06.533Z
NFCDSF-01-H5X9592WG27G6LN9AATT3NNR4HL84W,US,Safari MAC (Cadmium),Safari MAC (Cadmium),2603:8081:5302:3f85:ed2a:d833:46ca:8bad,Texas,2021-09-26T22:47:45.851Z
NFANDROID2-PRV-TVAFTKM-AMAZOAFTJMST12-8123-DAF3EE628CE360A44B6A789B7D6AC3F73CA87D1BE2150E455FC60C431F79A374,US,Amazon TVAFTKM Smart TV,Amazon TVAFTKM Smart TV,68.53.111.36,Tennessee,2021-09-20T15:41:16.023Z
NFANDROID2-PRV-TVAFTKM-AMAZOAFTJMST12-8123-DAF3EE628CE360A44B6A789B7D6AC3F73CA87D1BE2150E455FC60C431F79A374,US,Amazon TVAFTKM Smart TV,Amazon TVAFTKM Smart TV,68.53.111.36,Tennessee,2021-09-17T04:15:45.292Z
NFAPPL-02-IPHONE12=1-CC8B828CC65C22B96A548E50003EAF5B3EAC0BF42D525F1B13A98CA949AFAFD2,US,Apple iPhone 11,Apple iPhone 11,2600:1004:b153:574f:1964:a184:4bc9:fb75,Tennessee,2021-09-17T02:04:51.596Z
NFAPPL-02-IPHONE12=1-CC8B828CC65C22B96A548E50003EAF5B3EAC0BF42D525F1B13A98CA949AFAFD2,US,Apple iPhone 11,Apple iPhone 11,2600:100d:b02e:2b97:a4f5:eaf:588e:e67,Texas,2021-09-17T00:34:01.110Z
NFAPPL-02-IPHONE12=1-CC8B828CC65C22B96A548E50003EAF5B3EAC0BF42D525F1B13A98CA949AFAFD2,US,Apple iPhone 11,Apple iPhone 11,208.184.130.70,Texas,2021-09-16T23:43:21.932Z
NFAPPL-02-IPHONE12=1-CC8B828CC65C22B96A548E50003EAF5B3EAC0BF42D525F1B13A98CA949AFAFD2,US,Apple iPhone 11,Apple iPhone 11,2600:100c:b010:6fc1:e072:cb1a:aec7:e40f,Texas,2021-09-16T19:32:50.127Z
NFAPPL-02-IPHONE12=1-CC8B828CC65C22B96A548E50003EAF5B3EAC0BF42D525F1B13A98CA949AFAFD2,US,Apple iPhone 11,Apple iPhone 11,2600:100c:b032:cf25:75d2:18b6:efda:8e7,Texas,2021-09-12T16:19:51.131Z
NFAPPL-02-IPHONE12=1-CC8B828CC65C22B96A548E50003EAF5B3EAC0BF42D525F1B13A98CA949AFAFD2,US,Apple iPhone 11,Apple iPhone 11,2600:100c:b032:cf25:287d:94d6:be9:7c63,Texas,2021-09-11T21:17:05.276Z
NFAPPL-02-IPHONE12=1-CC8B828CC65C22B96A548E50003EAF5B3EAC0BF42D525F1B13A98CA949AFAFD2,US,Apple iPhone 11,Apple iPhone 11,2603:8081:5302:3f85:24d9:a8f1:8188:2697,Texas,2021-09-11T05:13:04.481Z
NFANDROID2-PRV-FIRETVSTICK2016-AMAZOAFTT-16384-FBAC0857D16219F8D782F13C51844802F10DC2B4BD3BF6DB6E11C5A15C751D7C,US,FireTV Stick 2016,FireTV Stick 2016,76.185.170.28,Texas,2021-09-02T23:52:34.899Z
NFAPPL-02-IPHONE12=1-CC8B828CC65C22B96A548E50003EAF5B3EAC0BF42D525F1B13A98CA949AFAFD2,US,Apple iPhone 11,Apple iPhone 11,2603:8081:5302:3f85:ac67:39d9:898f:3e71,Texas,2021-07-24T19:16:35.414Z
NFCDIE-04-H5Z53EJ7VD8AE42P4R74QHA8PTJVGV,US,Edge OSS - Mac (Cadmium),Edge OSS - Mac (Cadmium),2603:8081:5302:3f85:4d1c:9653:8f29:1ece,Texas,2021-07-22T06:17:54.723Z
NFCDIE-04-H5Z53EJ7VD8AE42P4R74QHA8PTJVGV,US,Edge OSS - Mac (Cadmium),Edge OSS - Mac (Cadmium),2603:8081:5302:3f85:1068:2080:f3a0:52b9,Texas,2021-07-22T01:16:42.828Z
NFCDIE-04-H5Z53EJ7VD8AE42P4R74QHA8PTJVGV,US,Edge OSS - Mac (Cadmium),Edge OSS - Mac (Cadmium),2603:8081:5302:3f85:1068:2080:f3a0:52b9,Texas,2021-07-21T18:39:09.422Z
NFAPPL-02-IPHONE12=1-CC8B828CC65C22B96A548E50003EAF5B3EAC0BF42D525F1B13A98CA949AFAFD2,US,Apple iPhone 11,Apple iPhone 11,2600:100c:b027:b76c:b9e9:9936:8711:20c0,Texas,2021-07-18T22:17:25.973Z
GOOGCAP0010000000000000005643476,US,Google Chromecast V5 Streaming Stick,Google Chromecast V5 Streaming Stick,70.253.204.162,Texas,2021-07-18T02:10:43.247Z
GOOGCAP0010000000000000005643476,US,Google Chromecast V5 Streaming Stick,Google Chromecast V5 Streaming Stick,70.253.204.162,Texas,2021-07-17T20:10:00.487Z
NFAPPL-02-IPHONE12=1-CC8B828CC65C22B96A548E50003EAF5B3EAC0BF42D525F1B13A98CA949AFAFD2,US,Apple iPhone 11,Apple iPhone 11,70.253.204.134,Texas,2021-07-17T20:09:35.985Z
NFAPPL-02-IPHONE12=1-CC8B828CC65C22B96A548E50003EAF5B3EAC0BF42D525F1B13A98CA949AFAFD2,US,Apple iPhone 11,Apple iPhone 11,2600:100c:b045:7689:a0a8:9f31:e69d:fc8b,Texas,2021-07-17T14:19:40.753Z
NFAPPL-02-IPHONE12=1-CC8B828CC65C22B96A548E50003EAF5B3EAC0BF42D525F1B13A98CA949AFAFD2,US,Apple iPhone 11,Apple iPhone 11,2600:100c:b045:7689:a0a8:9f31:e69d:fc8b,Texas,2021-07-17T14:19:37.258Z
NFAPPL-01-IPAD11=2-1A6D4CF0A28D715FDF22A7AC1C804CCE97BCC54350174060DE9B0A235867DA4C,US,Apple iPad Mini 5th Gen (Wi-Fi/Cell),Apple iPad Mini 5th Gen (Wi-Fi/Cell),12.218.100.100,Texas,2021-07-13T02:22:20.603Z
NFAPPL-02-IPHONE12=1-CC8B828CC65C22B96A548E50003EAF5B3EAC0BF42D525F1B13A98CA949AFAFD2,US,Apple iPhone 11,Apple iPhone 11,2600:100c:b04f:b297:ac0f:8ada:ad44:43a4,Texas,2021-07-12T13:48:43.353Z
NFAPPL-02-IPHONE12=1-CC8B828CC65C22B96A548E50003EAF5B3EAC0BF42D525F1B13A98CA949AFAFD2,US,Apple iPhone 11,Apple iPhone 11,12.218.100.100,Texas,2021-07-12T00:00:17.429Z
NFAPPL-02-IPHONE12=1-1B8D1E27DE06FE6D735C1B1BF97BE1E183DA52AE7D484E4E51E7DEC5CA0A1750,US,Apple iPhone 11,Apple iPhone 11,76.185.170.28,Texas,2021-07-02T19:51:56.118Z
NFCDIE-04-H5Z53EJ7VD8AE42P4R74QHA8PTJVGV,US,Edge OSS - Mac (Cadmium),Edge OSS - Mac (Cadmium),2603:8081:5302:3f85:9cd3:a390:360e:999d,Texas,2021-06-29T23:51:03.641Z
NFAPPL-02-IPHONE12=1-CC8B828CC65C22B96A548E50003EAF5B3EAC0BF42D525F1B13A98CA949AFAFD2,US,Apple iPhone 11,Apple iPhone 11,2600:100c:b02e:27b5:290a:980f:7873:4757,Texas,2021-06-27T19:29:31.458Z
NFAPPL-02-IPHONE12=1-CC8B828CC65C22B96A548E50003EAF5B3EAC0BF42D525F1B13A98CA949AFAFD2,US,Apple iPhone 11,Apple iPhone 11,174.197.3.234,Texas,2021-06-25T11:16:20.143Z
RKU-7XXXXHYN00N2125085,US,Roku TV 7XXXX,Roku Longview HDR10 Smart TV,76.185.170.28,Texas,2021-06-24T20:42:22.800Z
NFAPPL-02-IPHONE12=1-1B8D1E27DE06FE6D735C1B1BF97BE1E183DA52AE7D484E4E51E7DEC5CA0A1750,US,Apple iPhone 11,Apple iPhone 11,2600:100d:b05b:8f7:8ca0:2a0d:aa3c:b7ac,Texas,2021-06-17T18:08:19.979Z
RKU-380XX-YF000S455300,US,Roku Streaming Player 38XXX,Roku Amarillo1080 Set Top Box,76.185.170.28,Texas,2021-06-13T02:46:42.117Z
NFANDROID2-PRV-FTVET31DOVI2020-AMAZOAFTDCT31-16306-1360699F7E985F3E9E189C9F4A7E02B2A6B38ADD14DBC1B0F7250F15D0B6A1E1,US,Amazon FTVET31DOVI2020 Smart TV,Amazon FTVET31DOVI2020 Smart TV,76.185.170.28,Texas,2021-06-09T03:58:16.901Z
NFANDROID2-PRV-FTVET31DOVI2020-AMAZOAFTDCT31-16306-1360699F7E985F3E9E189C9F4A7E02B2A6B38ADD14DBC1B0F7250F15D0B6A1E1,US,Amazon FTVET31DOVI2020 Smart TV,Amazon FTVET31DOVI2020 Smart TV,174.246.198.41,Texas,2021-06-09T03:22:43.300Z
NFANDROID2-PRV-FTVET31DOVI2020-AMAZOAFTDCT31-16306-1360699F7E985F3E9E189C9F4A7E02B2A6B38ADD14DBC1B0F7250F15D0B6A1E1,US,Amazon FTVET31DOVI2020 Smart TV,Amazon FTVET31DOVI2020 Smart TV,76.185.170.28,Texas,2021-06-08T16:53:46.796Z
RKU-7XXXXDYS0046097619,US,Roku TV 7XXXX,Roku Longview DV Smart TV,76.185.170.28,Texas,2021-06-03T19:25:28.336Z
NFANDROID2-PRV-FTVET31DOVI2020-AMAZOAFTDCT31-16306-1360699F7E985F3E9E189C9F4A7E02B2A6B38ADD14DBC1B0F7250F15D0B6A1E1,US,Amazon FTVET31DOVI2020 Smart TV,Amazon FTVET31DOVI2020 Smart TV,76.185.170.28,Texas,2021-06-01T17:26:32.562Z
NFANDROID2-PRV-FTVET31DOVI2020-AMAZOAFTDCT31-16306-1360699F7E985F3E9E189C9F4A7E02B2A6B38ADD14DBC1B0F7250F15D0B6A1E1,US,Amazon FTVET31DOVI2020 Smart TV,Amazon FTVET31DOVI2020 Smart TV,76.185.166.243,Texas,2021-05-31T01:14:25.629Z
RKU-7XXXXDYS0046097619,US,Roku TV 7XXXX,Roku Longview DV Smart TV,76.185.166.243,Texas,2021-05-30T18:04:12.542Z
RKU-380XX-YF000S455300,US,Roku Streaming Player 38XXX,Roku Amarillo1080 Set Top Box,76.185.166.243,Texas,2021-05-22T21:09:14.488Z
RKU-7XXXXHYN00N2125085,US,Roku TV 7XXXX,Roku Longview HDR10 Smart TV,76.185.166.243,Texas,2021-05-13T01:13:40.208Z
NFAPPL-02-IPHONE12=1-1B8D1E27DE06FE6D735C1B1BF97BE1E183DA52AE7D484E4E51E7DEC5CA0A1750,US,Apple iPhone 11,Apple iPhone 11,76.185.166.243,Texas,2021-04-07T20:50:20.858Z
NFANDROID2-PRV-FIRETVSTICK2016-AMAZOAFTT-16384-FBAC0857D16219F8D782F13C51844802F10DC2B4BD3BF6DB6E11C5A15C751D7C,US,FireTV Stick 2016,FireTV Stick 2016,76.185.166.243,Texas,2021-03-28T22:43:15.351Z
NFCDIE-04-H5Z53EJ7VD8AE42P4R74QHA8PTJVGV,US,Edge OSS - Mac (Cadmium),Edge OSS - Mac (Cadmium),2603:8081:5302:3f85:18e0:b2fe:ddbe:9151,Texas,2021-03-28T18:59:40.987Z
NFCDIE-04-H5Z53EJ7VD8AE42P4R74QHA8PTJVGV,US,Edge OSS - Mac (Cadmium),Edge OSS - Mac (Cadmium),2603:8081:5302:3f85:f0a7:57ef:de75:4a01,Texas,2021-03-27T20:25:27.734Z
NFCDSF-01-H5X9592WG27G6LN9AATT3NNR4HL84W,US,Safari MAC (Cadmium),Safari MAC (Cadmium),2603:8081:5302:3f85:e858:2be4:5837:746b,Texas,2021-03-27T03:21:30.905Z
NFAPPL-02-IPHONE12=1-1B8D1E27DE06FE6D735C1B1BF97BE1E183DA52AE7D484E4E51E7DEC5CA0A1750,US,Apple iPhone 11,Apple iPhone 11,76.185.166.243,Texas,2021-03-15T22:13:59.722Z
NFAPPL-02-IPHONE12=1-1B8D1E27DE06FE6D735C1B1BF97BE1E183DA52AE7D484E4E51E7DEC5CA0A1750,US,Apple iPhone 11,Apple iPhone 11,151.210.110.144,Georgia,2021-03-10T04:46:58.171Z
NFAPPL-02-IPHONE12=1-1B8D1E27DE06FE6D735C1B1BF97BE1E183DA52AE7D484E4E51E7DEC5CA0A1750,US,Apple iPhone 11,Apple iPhone 11,2600:100c:b026:a987:5907:4a6a:f59a:4c3d,Texas,2021-03-04T19:05:18.321Z
NFAPPL-02-IPHONE12=1-1B8D1E27DE06FE6D735C1B1BF97BE1E183DA52AE7D484E4E51E7DEC5CA0A1750,US,Apple iPhone 11,Apple iPhone 11,76.185.166.243,Texas,2021-03-04T14:33:52.184Z
NFAPPL-02-IPHONE12=1-1B8D1E27DE06FE6D735C1B1BF97BE1E183DA52AE7D484E4E51E7DEC5CA0A1750,US,Apple iPhone 11,Apple iPhone 11,76.185.166.243,Texas,2021-03-03T22:23:06.017Z
NFAPPL-02-IPHONE12=1-1B8D1E27DE06FE6D735C1B1BF97BE1E183DA52AE7D484E4E51E7DEC5CA0A1750,US,Apple iPhone 11,Apple iPhone 11,2600:100c:b026:a987:11c4:98d5:db15:309f,Texas,2021-03-03T19:07:40.741Z
NFUWA-001-BF805D3BCB0E01B1DE527AF8F83F53279D629D0B7C5E4A7BB5926E119144982D,US,Netflix Windows App - Cadmium Windows Mobile,Netflix Windows App - Cadmium Windows Mobile,76.185.166.243,Texas,2021-02-21T01:09:10.214Z
NFUWA-001-BF805D3BCB0E01B1DE527AF8F83F53279D629D0B7C5E4A7BB5926E119144982D,US,Netflix Windows App - Cadmium Windows Mobile,Netflix Windows App - Cadmium Windows Mobile,76.185.166.243,Texas,2021-02-18T16:34:17.373Z
NFUWA-001-BF805D3BCB0E01B1DE527AF8F83F53279D629D0B7C5E4A7BB5926E119144982D,US,Netflix Windows App - Cadmium Windows Mobile,Netflix Windows App - Cadmium Windows Mobile,12.202.182.7,New Jersey,2021-02-18T14:29:38.112Z
NFUWA-001-BF805D3BCB0E01B1DE527AF8F83F53279D629D0B7C5E4A7BB5926E119144982D,US,Netflix Windows App - Cadmium Windows Mobile,Netflix Windows App - Cadmium Windows Mobile,76.185.166.243,Texas,2021-02-17T18:54:29.463Z
NFAPPL-02-IPHONE12=1-1B8D1E27DE06FE6D735C1B1BF97BE1E183DA52AE7D484E4E51E7DEC5CA0A1750,US,Apple iPhone 11,Apple iPhone 11,76.185.166.243,Texas,2021-01-30T05:31:24.296Z
NFAPPL-02-IPHONE12=1-CC8B828CC65C22B96A548E50003EAF5B3EAC0BF42D525F1B13A98CA949AFAFD2,US,Apple iPhone 11,Apple iPhone 11,2600:100c:b03b:abd1:1d06:3e75:acdc:cf84,Texas,2021-01-10T16:28:09.353Z
NFAPPL-02-IPHONE12=1-CC8B828CC65C22B96A548E50003EAF5B3EAC0BF42D525F1B13A98CA949AFAFD2,US,Apple iPhone 11,Apple iPhone 11,174.246.198.168,Texas,2021-01-09T17:38:34.604Z
NFAPPL-02-IPHONE12=1-CC8B828CC65C22B96A548E50003EAF5B3EAC0BF42D525F1B13A98CA949AFAFD2,US,Apple iPhone 11,Apple iPhone 11,2600:100c:b053:7a1e:f815:abfb:7f53:c7c0,Texas,2021-01-03T18:25:38.463Z
NFAPPL-02-IPHONE12=1-CC8B828CC65C22B96A548E50003EAF5B3EAC0BF42D525F1B13A98CA949AFAFD2,US,Apple iPhone 11,Apple iPhone 11,2600:100c:b053:7a1e:f815:abfb:7f53:c7c0,Texas,2021-01-02T19:42:57.458Z
NFAPPL-02-IPHONE12=1-CC8B828CC65C22B96A548E50003EAF5B3EAC0BF42D525F1B13A98CA949AFAFD2,US,Apple iPhone 11,Apple iPhone 11,2600:100c:b053:7a1e:d0d6:23cf:dc1c:4df0,Texas,2021-01-02T18:08:59.454Z
NFUWA-001-23CFC46AA50210E8C0C16E7FA575DAC1F0B50285F635F1052444718877F0FC6D,US,Netflix Windows App - Cadmium Windows Mobile,Netflix Windows App - Cadmium Windows Mobile,107.77.217.200,Texas,2020-12-29T15:23:27.606Z
NFAPPL-02-IPHONE12=1-CC8B828CC65C22B96A548E50003EAF5B3EAC0BF42D525F1B13A98CA949AFAFD2,US,Apple iPhone 11,Apple iPhone 11,174.197.8.102,Texas,2020-12-26T18:48:04.303Z
NFAPPL-02-IPHONE12=1-CC8B828CC65C22B96A548E50003EAF5B3EAC0BF42D525F1B13A98CA949AFAFD2,US,Apple iPhone 11,Apple iPhone 11,174.246.194.34,Texas,2020-12-12T15:53:39.802Z
NFAPPL-02-IPHONE12=1-CC8B828CC65C22B96A548E50003EAF5B3EAC0BF42D525F1B13A98CA949AFAFD2,US,Apple iPhone 11,Apple iPhone 11,174.246.201.231,Texas,2020-11-27T18:41:20.184Z
NFAPPL-02-IPHONE12=1-CC8B828CC65C22B96A548E50003EAF5B3EAC0BF42D525F1B13A98CA949AFAFD2,US,Apple iPhone 11,Apple iPhone 11,2600:100c:b04d:1bef:e8d8:71a5:b1a0:95ec,Texas,2020-11-15T18:59:44.036Z
NFANDROID2-PRV-FIRETVSTICK2018-AMAZOAFTMM-8415-47642640C511A36BA6AF086C1EC6B3378E9A762D894355AC44D8EC24B69B34F6,US,FireTV 4K Stick 2018,FireTV 4K Stick 2018,76.185.166.243,Texas,2020-11-15T02:55:54.605Z
NFAPPL-02-IPHONE12=1-CC8B828CC65C22B96A548E50003EAF5B3EAC0BF42D525F1B13A98CA949AFAFD2,US,Apple iPhone 11,Apple iPhone 11,2600:100c:b204:4d3c:2dda:3a4:f3d5:874f,Texas,2020-11-06T15:38:39.937Z
NFANDROID2-PRV-FTVET31DOVI2020-AMAZOAFTDCT31-16306-1360699F7E985F3E9E189C9F4A7E02B2A6B38ADD14DBC1B0F7250F15D0B6A1E1,US,Amazon FTVET31DOVI2020 Smart TV,Amazon FTVET31DOVI2020 Smart TV,76.185.166.243,Texas,2020-11-04T03:45:42.690Z
NFUWA-001-BF805D3BCB0E01B1DE527AF8F83F53279D629D0B7C5E4A7BB5926E119144982D,US,Netflix Windows App - Cadmium Windows Mobile,Netflix Windows App - Cadmium Windows Mobile,76.185.166.243,Texas,2020-10-25T21:57:24.905Z
NFANDROID2-PRV-FIRETVSTICK2018-AMAZOAFTMM-8415-47642640C511A36BA6AF086C1EC6B3378E9A762D894355AC44D8EC24B69B34F6,US,FireTV 4K Stick 2018,FireTV 4K Stick 2018,76.185.166.243,Texas,2020-10-18T02:03:54.125Z
NFAPPL-02-IPHONE12=1-CC8B828CC65C22B96A548E50003EAF5B3EAC0BF42D525F1B13A98CA949AFAFD2,US,Apple iPhone 11,Apple iPhone 11,2600:100c:b013:a7ab:a86d:ef23:4b30:1d9e,Texas,2020-10-13T11:26:16.918Z
NFAPPL-02-IPHONE12=1-CC8B828CC65C22B96A548E50003EAF5B3EAC0BF42D525F1B13A98CA949AFAFD2,US,Apple iPhone 11,Apple iPhone 11,2600:100c:b013:a7ab:556:4a2c:b29d:9798,Texas,2020-10-09T11:51:24.445Z
NFUWA-001-BF805D3BCB0E01B1DE527AF8F83F53279D629D0B7C5E4A7BB5926E119144982D,US,Netflix Windows App - Cadmium Windows Mobile,Netflix Windows App - Cadmium Windows Mobile,2605:6000:1713:cedd:dd98:660f:2eeb:8dfd,Texas,2020-10-06T03:22:24.043Z
NFAPPL-02-IPHONE12=1-CC8B828CC65C22B96A548E50003EAF5B3EAC0BF42D525F1B13A98CA949AFAFD2,US,Apple iPhone 11,Apple iPhone 11,174.246.202.135,Texas,2020-09-26T20:28:37.953Z
NFAPPL-02-IPHONE12=1-CC8B828CC65C22B96A548E50003EAF5B3EAC0BF42D525F1B13A98CA949AFAFD2,US,Apple iPhone 11,Apple iPhone 11,97.43.19.132,Texas,2020-09-26T20:23:26.852Z
NFAPPL-02-IPHONE12=1-CC8B828CC65C22B96A548E50003EAF5B3EAC0BF42D525F1B13A98CA949AFAFD2,US,Apple iPhone 11,Apple iPhone 11,97.43.64.151,Oklahoma,2020-09-26T20:08:22.590Z
NFAPPL-02-IPHONE12=1-CC8B828CC65C22B96A548E50003EAF5B3EAC0BF42D525F1B13A98CA949AFAFD2,US,Apple iPhone 11,Apple iPhone 11,2600:100e:b054:496c:8441:c8f6:6eb7:bbd4,Colorado,2020-09-26T15:44:24.133Z
NFAPPL-02-IPHONE12=1-CC8B828CC65C22B96A548E50003EAF5B3EAC0BF42D525F1B13A98CA949AFAFD2,US,Apple iPhone 11,Apple iPhone 11,65.153.68.10,Kansas,2020-09-26T12:00:59.217Z
NFAPPL-02-IPHONE12=1-CC8B828CC65C22B96A548E50003EAF5B3EAC0BF42D525F1B13A98CA949AFAFD2,US,Apple iPhone 11,Apple iPhone 11,2600:100e:b054:496c:8441:c8f6:6eb7:bbd4,Colorado,2020-09-25T13:18:43.499Z
NFAPPL-02-IPHONE12=1-CC8B828CC65C22B96A548E50003EAF5B3EAC0BF42D525F1B13A98CA949AFAFD2,US,Apple iPhone 11,Apple iPhone 11,2600:100e:b054:496c:8441:c8f6:6eb7:bbd4,Colorado,2020-09-24T17:27:37.003Z
NFAPPL-02-IPHONE12=1-CC8B828CC65C22B96A548E50003EAF5B3EAC0BF42D525F1B13A98CA949AFAFD2,US,Apple iPhone 11,Apple iPhone 11,2600:100c:b2ab:a77c:380b:d603:1cd9:8927,Texas,2020-09-24T15:57:53.647Z
NFAPPL-02-IPHONE12=1-CC8B828CC65C22B96A548E50003EAF5B3EAC0BF42D525F1B13A98CA949AFAFD2,US,Apple iPhone 11,Apple iPhone 11,75.104.92.116,Arizona,2020-09-18T17:19:30.448Z
NFAPPL-02-IPHONE12=1-CC8B828CC65C22B96A548E50003EAF5B3EAC0BF42D525F1B13A98CA949AFAFD2,US,Apple iPhone 11,Apple iPhone 11,2600:100c:b211:a47f:4937:aef5:fbe6:d58,Texas,2020-09-18T16:26:24.542Z
NFAPPL-02-IPHONE12=1-CC8B828CC65C22B96A548E50003EAF5B3EAC0BF42D525F1B13A98CA949AFAFD2,US,Apple iPhone 11,Apple iPhone 11,2600:100e:b045:3144:556c:2cc9:c65e:a8e6,Colorado,2020-09-18T12:13:06.537Z
RKU-7XXXXHYN00N2125085,US,Roku TV 7XXXX,Roku Longview HDR10 Smart TV,76.185.166.243,Texas,2020-09-14T18:20:21.922Z
RKU-7XXXXDYS0046097619,US,Roku TV 7XXXX,Roku Longview DV Smart TV,76.185.166.243,Texas,2020-09-06T15:31:06.931Z
RKU-380XX-YF000S455300,US,Roku Streaming Player 38XXX,Roku Amarillo1080 Set Top Box,76.185.166.243,Texas,2020-09-06T00:59:52.531Z
NFANDROID2-PRV-FIRETVSTICK2016-AMAZOAFTT-16384-FBAC0857D16219F8D782F13C51844802F10DC2B4BD3BF6DB6E11C5A15C751D7C,US,FireTV Stick 2016,FireTV Stick 2016,76.185.166.243,Texas,2020-09-03T20:38:27.704Z
NFAPPL-02-IPHONE12=1-CC8B828CC65C22B96A548E50003EAF5B3EAC0BF42D525F1B13A98CA949AFAFD2,US,Apple iPhone 11,Apple iPhone 11,2605:6000:1713:cedd:153b:e8f5:7e52:981b,Texas,2020-08-24T18:45:39.165Z
NFAPPL-02-IPHONE12=1-CC8B828CC65C22B96A548E50003EAF5B3EAC0BF42D525F1B13A98CA949AFAFD2,US,Apple iPhone 11,Apple iPhone 11,2600:100c:b043:5470:a501:9013:63cb:6fa4,Texas,2020-08-23T22:33:28.328Z
NFAPPL-02-IPHONE12=1-CC8B828CC65C22B96A548E50003EAF5B3EAC0BF42D525F1B13A98CA949AFAFD2,US,Apple iPhone 11,Apple iPhone 11,174.218.9.246,Georgia,2020-08-22T17:44:05.775Z
NFAPPL-02-IPHONE12=1-CC8B828CC65C22B96A548E50003EAF5B3EAC0BF42D525F1B13A98CA949AFAFD2,US,Apple iPhone 11,Apple iPhone 11,174.193.17.17,North Carolina,2020-08-18T18:02:05.841Z
NFAPPL-02-IPHONE12=1-CC8B828CC65C22B96A548E50003EAF5B3EAC0BF42D525F1B13A98CA949AFAFD2,US,Apple iPhone 11,Apple iPhone 11,216.186.235.132,South Carolina,2020-08-17T11:44:30.816Z
NFAPPL-02-IPHONE12=1-CC8B828CC65C22B96A548E50003EAF5B3EAC0BF42D525F1B13A98CA949AFAFD2,US,Apple iPhone 11,Apple iPhone 11,97.34.65.96,Georgia,2020-08-08T22:06:02.358Z
NFAPPL-02-IPHONE12=1-CC8B828CC65C22B96A548E50003EAF5B3EAC0BF42D525F1B13A98CA949AFAFD2,US,Apple iPhone 11,Apple iPhone 11,2600:1005:b066:f99e:3cc3:be1e:ae45:9a07,Georgia,2020-08-08T21:46:38.658Z
NFUWA-001-BF805D3BCB0E01B1DE527AF8F83F53279D629D0B7C5E4A7BB5926E119144982D,US,Netflix Windows App - Cadmium Windows Mobile,Netflix Windows App - Cadmium Windows Mobile,67.79.30.67,Texas,2020-08-06T02:19:51.696Z
NFUWA-001-BF805D3BCB0E01B1DE527AF8F83F53279D629D0B7C5E4A7BB5926E119144982D,US,Netflix Windows App - Cadmium Windows Mobile,Netflix Windows App - Cadmium Windows Mobile,67.79.30.67,Texas,2020-08-02T03:27:17.898Z
NFUWA-001-BF805D3BCB0E01B1DE527AF8F83F53279D629D0B7C5E4A7BB5926E119144982D,US,Netflix Windows App - Cadmium Windows Mobile,Netflix Windows App - Cadmium Windows Mobile,174.246.203.214,Texas,2020-07-27T13:59:47.241Z
NFUWA-001-BF805D3BCB0E01B1DE527AF8F83F53279D629D0B7C5E4A7BB5926E119144982D,US,Netflix Windows App - Cadmium Windows Mobile,Netflix Windows App - Cadmium Windows Mobile,67.79.30.67,Texas,2020-07-26T07:14:12.602Z
NFUWA-001-BF805D3BCB0E01B1DE527AF8F83F53279D629D0B7C5E4A7BB5926E119144982D,US,Netflix Windows App - Cadmium Windows Mobile,Netflix Windows App - Cadmium Windows Mobile,67.79.30.67,Texas,2020-07-21T00:26:36.594Z
NFUWA-001-BF805D3BCB0E01B1DE527AF8F83F53279D629D0B7C5E4A7BB5926E119144982D,US,Netflix Windows App - Cadmium Windows Mobile,Netflix Windows App - Cadmium Windows Mobile,2604:2d80:d893:a500:8c10:7a6e:1f6b:9f75,Iowa,2020-07-18T05:57:10.651Z
NFUWA-001-BF805D3BCB0E01B1DE527AF8F83F53279D629D0B7C5E4A7BB5926E119144982D,US,Netflix Windows App - Cadmium Windows Mobile,Netflix Windows App - Cadmium Windows Mobile,173.18.137.3,Iowa,2020-07-18T04:31:53.402Z
RKU-7XXXXHYN00N2125085,US,Roku TV 7XXXX,Roku Longview HDR10 Smart TV,173.18.137.3,Iowa,2020-07-08T03:04:53.525Z
NFANDROID2-PRV-FIRETVSTICK2016-AMAZOAFTT-16384-FBAC0857D16219F8D782F13C51844802F10DC2B4BD3BF6DB6E11C5A15C751D7C,US,FireTV Stick 2016,FireTV Stick 2016,173.18.137.3,Iowa,2020-07-08T01:03:53.709Z
NFUWA-001-BF805D3BCB0E01B1DE527AF8F83F53279D629D0B7C5E4A7BB5926E119144982D,US,Netflix Windows App - Cadmium Windows Mobile,Netflix Windows App - Cadmium Windows Mobile,2604:2d80:d893:a5e0:fcc6:c970:a4b2:b038,Iowa,2020-07-08T00:44:36.616Z
RKU-7XXXXDYS0046097619,US,Roku TV 7XXXX,Roku Longview DV Smart TV,173.18.137.3,Iowa,2020-07-07T21:13:51.243Z
RKU-380XX-YF000S455300,US,Roku Streaming Player 38XXX,Roku Amarillo1080 Set Top Box,173.18.137.3,Iowa,2020-07-06T03:47:46.291Z
NFANDROID2-PRV-FIRETVSTICK2018-AMAZOAFTMM-8415-47642640C511A36BA6AF086C1EC6B3378E9A762D894355AC44D8EC24B69B34F6,US,FireTV 4K Stick 2018,FireTV 4K Stick 2018,173.18.137.3,Iowa,2020-07-04T23:16:15.864Z
NFUWA-001-23CFC46AA50210E8C0C16E7FA575DAC1F0B50285F635F1052444718877F0FC6D,US,Netflix Windows App - Cadmium Windows Mobile,Netflix Windows App - Cadmium Windows Mobile,173.18.137.3,Iowa,2020-06-26T05:14:15.882Z
NFUWA-001-23CFC46AA50210E8C0C16E7FA575DAC1F0B50285F635F1052444718877F0FC6D,US,Netflix Windows App - Cadmium Windows Mobile,Netflix Windows App - Cadmium Windows Mobile,2604:2d80:d893:a5e0:1c8b:2aff:219b:3da6,Iowa,2020-06-26T04:31:41.986Z
NFUWA-001-23CFC46AA50210E8C0C16E7FA575DAC1F0B50285F635F1052444718877F0FC6D,US,Netflix Windows App - Cadmium Windows Mobile,Netflix Windows App - Cadmium Windows Mobile,2600:1014:b115:8057:7ccb:fc3c:7c87:e90e,Nebraska,2020-04-30T20:25:09.420Z
NFANDROID2-PRV-FIRETVSTICK2016-AMAZOAFTT-16384-FBAC0857D16219F8D782F13C51844802F10DC2B4BD3BF6DB6E11C5A15C751D7C,US,FireTV Stick 2016,FireTV Stick 2016,173.18.137.3,Iowa,2020-03-26T04:16:57.082Z
NFANDROID2-PRV-FIRETVSTICK2018-AMAZOAFTMM-8415-47642640C511A36BA6AF086C1EC6B3378E9A762D894355AC44D8EC24B69B34F6,US,FireTV 4K Stick 2018,FireTV 4K Stick 2018,173.18.137.3,Iowa,2020-03-15T01:32:01.458Z
RKU-7XXXXHYN00N2125085,US,Roku TV 7XXXX,Roku Longview HDR10 Smart TV,173.18.137.3,Iowa,2020-02-23T03:50:42.881Z
RKU-380XX-YF000S455300,US,Roku Streaming Player 38XXX,Roku Amarillo1080 Set Top Box,173.18.137.3,Iowa,2020-02-06T00:22:17.724Z
RKU-7XXXXDYS0046097619,US,Roku TV 7XXXX,Roku Longview DV Smart TV,173.18.137.3,Iowa,2020-02-02T21:57:35.134Z
RKU-380XX-YF000S455300,US,Roku Streaming Player 38XXX,Roku Amarillo1080 Set Top Box,173.16.165.10,Iowa,2020-02-02T18:56:18.983Z
RKU-380XX-YF000S455300,US,Roku Streaming Player 38XXX,Roku Amarillo1080 Set Top Box,173.18.139.88,Iowa,2020-02-02T15:41:02.749Z
RKU-380XX-YF000S455300,US,Roku Streaming Player 38XXX,Roku Amarillo1080 Set Top Box,173.16.165.10,Iowa,2020-02-02T15:37:42.457Z
RKU-380XX-YF000S455300,US,Roku Streaming Player 38XXX,Roku Amarillo1080 Set Top Box,173.18.139.88,Iowa,2020-02-02T15:37:32.343Z
RKU-380XX-YF000S455300,US,Roku Streaming Player 38XXX,Roku Amarillo1080 Set Top Box,173.16.165.10,Iowa,2020-02-02T15:37:09.053Z
RKU-380XX-YF000S455300,US,Roku Streaming Player 38XXX,Roku Amarillo1080 Set Top Box,173.18.139.88,Iowa,2020-02-02T15:36:54.730Z
RKU-380XX-YF000S455300,US,Roku Streaming Player 38XXX,Roku Amarillo1080 Set Top Box,173.16.165.10,Iowa,2020-02-02T15:36:51.091Z
RKU-380XX-YF000S455300,US,Roku Streaming Player 38XXX,Roku Amarillo1080 Set Top Box,173.18.139.88,Iowa,2020-02-02T15:33:56.472Z
RKU-380XX-YF000S455300,US,Roku Streaming Player 38XXX,Roku Amarillo1080 Set Top Box,173.16.165.10,Iowa,2020-02-02T15:31:40.650Z
RKU-380XX-YF000S455300,US,Roku Streaming Player 38XXX,Roku Amarillo1080 Set Top Box,173.18.139.88,Iowa,2020-02-02T15:31:23.845Z
RKU-380XX-YF000S455300,US,Roku Streaming Player 38XXX,Roku Amarillo1080 Set Top Box,173.16.165.10,Iowa,2020-01-29T00:58:37.373Z
RKU-7XXXXDYS0046097619,US,Roku TV 7XXXX,Roku Longview DV Smart TV,173.18.139.88,Iowa,2020-01-28T05:38:39.732Z
RKU-7XXXXDYS0046097619,US,Roku TV 7XXXX,Roku Longview DV Smart TV,173.16.165.10,Iowa,2020-01-28T05:01:36.885Z
RKU-7XXXXDYS0046097619,US,Roku TV 7XXXX,Roku Longview DV Smart TV,173.18.139.88,Iowa,2020-01-28T05:00:55.665Z
RKU-7XXXXDYS0046097619,US,Roku TV 7XXXX,Roku Longview DV Smart TV,173.16.165.10,Iowa,2020-01-28T00:52:50.690Z
RKU-7XXXXDYS0046097619,US,Roku TV 7XXXX,Roku Longview DV Smart TV,173.16.165.10,Iowa,2020-01-18T00:48:13.350Z
RKU-7XXXXDYS0046097619,US,Roku TV 7XXXX,Roku Longview DV Smart TV,173.18.139.88,Iowa,2020-01-17T02:17:21.438Z
RKU-7XXXXDYS0046097619,US,Roku TV 7XXXX,Roku Longview DV Smart TV,173.16.165.10,Iowa,2020-01-17T01:56:39.313Z
RKU-380XX-YF000S455300,US,Roku Streaming Player 38XXX,Roku Amarillo1080 Set Top Box,173.16.165.10,Iowa,2020-01-11T16:27:25.834Z
RKU-7XXXXDYS0046097619,US,Roku TV 7XXXX,Roku Longview DV Smart TV,173.16.165.10,Iowa,2020-01-10T00:21:51.054Z
RKU-7XXXXDYS0046097619,US,Roku TV 7XXXX,Roku Longview DV Smart TV,173.18.139.88,Iowa,2020-01-09T23:34:52.281Z
RKU-7XXXXDYS0046097619,US,Roku TV 7XXXX,Roku Longview DV Smart TV,173.16.165.10,Iowa,2020-01-09T18:42:27.377Z
RKU-7XXXXDYS0046097619,US,Roku TV 7XXXX,Roku Longview DV Smart TV,173.27.5.79,Iowa,2020-01-08T22:54:02.914Z
NFUWA-001-23CFC46AA50210E8C0C16E7FA575DAC1F0B50285F635F1052444718877F0FC6D,US,Netflix Windows App - Cadmium Windows Mobile,Netflix Windows App - Cadmium Windows Mobile,50.238.70.162,Michigan,2020-01-08T21:18:19.291Z
RKU-7XXXXDYS0046097619,US,Roku TV 7XXXX,Roku Longview DV Smart TV,173.18.139.88,Iowa,2020-01-07T23:12:55.442Z
RKU-7XXXXDYS0046097619,US,Roku TV 7XXXX,Roku Longview DV Smart TV,173.27.5.79,Iowa,2020-01-07T23:07:10.353Z
RKU-7XXXXDYS0046097619,US,Roku TV 7XXXX,Roku Longview DV Smart TV,173.18.139.88,Iowa,2020-01-07T23:04:47.848Z
RKU-7XXXXDYS0046097619,US,Roku TV 7XXXX,Roku Longview DV Smart TV,173.27.5.79,Iowa,2020-01-07T17:13:22.501Z
RKU-7XXXXDYS0046097619,US,Roku TV 7XXXX,Roku Longview DV Smart TV,173.27.5.79,Iowa,2020-01-07T02:47:50.198Z
RKU-7XXXXDYS0046097619,US,Roku TV 7XXXX,Roku Longview DV Smart TV,173.18.139.88,Iowa,2020-01-07T02:45:03.923Z
RKU-7XXXXDYS0046097619,US,Roku TV 7XXXX,Roku Longview DV Smart TV,173.27.5.79,Iowa,2020-01-07T02:32:43.239Z
RKU-7XXXXDYS0046097619,US,Roku TV 7XXXX,Roku Longview DV Smart TV,173.18.139.88,Iowa,2020-01-07T02:27:02.195Z
RKU-7XXXXDYS0046097619,US,Roku TV 7XXXX,Roku Longview DV Smart TV,173.27.5.79,Iowa,2020-01-07T01:26:47.915Z
RKU-7XXXXDYS0046097619,US,Roku TV 7XXXX,Roku Longview DV Smart TV,173.18.139.88,Iowa,2020-01-07T01:19:45.663Z
RKU-7XXXXDYS0046097619,US,Roku TV 7XXXX,Roku Longview DV Smart TV,173.27.5.79,Iowa,2020-01-07T01:17:58.687Z
RKU-7XXXXDYS0046097619,US,Roku TV 7XXXX,Roku Longview DV Smart TV,173.18.139.88,Iowa,2020-01-07T01:16:06.823Z
RKU-7XXXXDYS0046097619,US,Roku TV 7XXXX,Roku Longview DV Smart TV,173.27.5.79,Iowa,2020-01-07T01:14:23.049Z
RKU-7XXXXDYS0046097619,US,Roku TV 7XXXX,Roku Longview DV Smart TV,173.18.139.88,Iowa,2020-01-07T01:10:38.672Z
RKU-7XXXXDYS0046097619,US,Roku TV 7XXXX,Roku Longview DV Smart TV,173.27.5.79,Iowa,2020-01-07T01:06:24.748Z
RKU-7XXXXDYS0046097619,US,Roku TV 7XXXX,Roku Longview DV Smart TV,173.18.139.88,Iowa,2020-01-07T01:01:33.638Z
RKU-7XXXXDYS0046097619,US,Roku TV 7XXXX,Roku Longview DV Smart TV,173.27.5.79,Iowa,2020-01-07T01:01:22.655Z
RKU-7XXXXDYS0046097619,US,Roku TV 7XXXX,Roku Longview DV Smart TV,173.27.5.79,Iowa,2020-01-05T17:52:40.329Z
RKU-7XXXXDYS0046097619,US,Roku TV 7XXXX,Roku Longview DV Smart TV,173.18.139.88,Iowa,2020-01-05T17:52:18.032Z
RKU-7XXXXDYS0046097619,US,Roku TV 7XXXX,Roku Longview DV Smart TV,173.27.5.79,Iowa,2020-01-05T17:51:18.486Z
RKU-7XXXXDYS0046097619,US,Roku TV 7XXXX,Roku Longview DV Smart TV,173.18.139.88,Iowa,2020-01-05T17:50:52.093Z
RKU-7XXXXDYS0046097619,US,Roku TV 7XXXX,Roku Longview DV Smart TV,173.27.5.79,Iowa,2020-01-05T17:50:44.984Z
RKU-7XXXXDYS0046097619,US,Roku TV 7XXXX,Roku Longview DV Smart TV,173.18.139.88,Iowa,2020-01-05T17:50:21.792Z
RKU-7XXXXDYS0046097619,US,Roku TV 7XXXX,Roku Longview DV Smart TV,173.27.5.79,Iowa,2020-01-05T17:49:27.238Z
RKU-7XXXXDYS0046097619,US,Roku TV 7XXXX,Roku Longview DV Smart TV,173.27.5.79,Iowa,2020-01-05T02:43:03.654Z
RKU-7XXXXDYS0046097619,US,Roku TV 7XXXX,Roku Longview DV Smart TV,173.18.139.88,Iowa,2020-01-05T02:42:35.973Z
RKU-7XXXXDYS0046097619,US,Roku TV 7XXXX,Roku Longview DV Smart TV,173.27.5.79,Iowa,2020-01-05T02:42:28.296Z
RKU-7XXXXDYS0046097619,US,Roku TV 7XXXX,Roku Longview DV Smart TV,173.18.139.88,Iowa,2020-01-05T02:37:41.976Z
RKU-7XXXXDYS0046097619,US,Roku TV 7XXXX,Roku Longview DV Smart TV,173.27.5.79,Iowa,2020-01-05T02:29:56.725Z
RKU-7XXXXDYS0046097619,US,Roku TV 7XXXX,Roku Longview DV Smart TV,173.18.139.88,Iowa,2020-01-05T02:29:49.787Z
RKU-7XXXXDYS0046097619,US,Roku TV 7XXXX,Roku Longview DV Smart TV,173.27.5.79,Iowa,2020-01-05T02:20:10.444Z
RKU-7XXXXDYS0046097619,US,Roku TV 7XXXX,Roku Longview DV Smart TV,173.18.139.88,Iowa,2020-01-05T02:17:02.615Z
RKU-7XXXXDYS0046097619,US,Roku TV 7XXXX,Roku Longview DV Smart TV,173.27.5.79,Iowa,2020-01-05T02:14:59.149Z
RKU-7XXXXDYS0046097619,US,Roku TV 7XXXX,Roku Longview DV Smart TV,173.18.139.88,Iowa,2020-01-05T02:12:22.053Z
RKU-7XXXXDYS0046097619,US,Roku TV 7XXXX,Roku Longview DV Smart TV,173.27.5.79,Iowa,2020-01-05T02:06:35.520Z
RKU-380XX-YF000S455300,US,Roku Streaming Player 38XXX,Roku Amarillo1080 Set Top Box,173.27.5.79,Iowa,2019-12-20T22:52:23.548Z
RKU-7XXXXHYN00N2125085,US,Roku TV 7XXXX,Roku Longview HDR10 Smart TV,173.27.5.79,Iowa,2019-12-15T20:42:06.533Z
RKU-7XXXXHYN00N2125085,US,Roku TV 7XXXX,Roku Longview HDR10 Smart TV,173.27.5.79,Iowa,2019-06-17T00:25:59.866Z
RKU-7XXXXDYS0046097619,US,Roku TV 7XXXX,Roku Longview DV Smart TV,173.27.5.79,Iowa,2019-06-12T18:44:47.590Z
RKU-380XX-YF000S455300,US,Roku Streaming Player 38XXX,Roku Amarillo1080 Set Top Box,173.27.5.79,Iowa,2019-06-12T18:00:29.962Z
RKU-7XXXXHYN00N2125085,US,Roku TV 7XXXX,Roku Longview HDR10 Smart TV,173.17.186.134,Iowa,2019-06-11T22:59:47.745Z
RKU-7XXXXDYS0046097619,US,Roku TV 7XXXX,Roku Longview DV Smart TV,173.17.186.134,Iowa,2019-06-10T14:49:23.982Z
RKU-380XX-YF000S455300,US,Roku Streaming Player 38XXX,Roku Amarillo1080 Set Top Box,173.17.186.134,Iowa,2019-06-07T21:16:25.491Z
NFUWA-001-23CFC46AA50210E8C0C16E7FA575DAC1F0B50285F635F1052444718877F0FC6D,US,Netflix Windows App - Cadmium Windows Mobile,Netflix Windows App - Cadmium Windows Mobile,12.232.84.253,Indiana,2019-03-19T20:43:56.652Z
NFUWA-001-23CFC46AA50210E8C0C16E7FA575DAC1F0B50285F635F1052444718877F0FC6D,US,Netflix Windows App - Cadmium Windows Mobile,Netflix Windows App - Cadmium Windows Mobile,12.232.84.253,Indiana,2019-03-18T22:57:14.283Z
NFUWA-001-23CFC46AA50210E8C0C16E7FA575DAC1F0B50285F635F1052444718877F0FC6D,US,Netflix Windows App - Cadmium Windows Mobile,Netflix Windows App - Cadmium Windows Mobile,96.2.246.34,South Dakota,2019-02-25T20:48:31.198Z
NFUWA-001-23CFC46AA50210E8C0C16E7FA575DAC1F0B50285F635F1052444718877F0FC6D,US,Netflix Windows App - Cadmium Windows Mobile,Netflix Windows App - Cadmium Windows Mobile,173.17.186.134,Iowa,2019-02-18T03:10:08.890Z
NFUWA-001-23CFC46AA50210E8C0C16E7FA575DAC1F0B50285F635F1052444718877F0FC6D,US,Netflix Windows App - Cadmium Windows Mobile,Netflix Windows App - Cadmium Windows Mobile,2604:2d80:c029:8fed:c48f:c693:89c7:fb2a,Iowa,2019-02-18T03:09:37.675Z
NFUWA-001-23CFC46AA50210E8C0C16E7FA575DAC1F0B50285F635F1052444718877F0FC6D,US,Netflix Windows App - Cadmium Windows Mobile,Netflix Windows App - Cadmium Windows Mobile,2604:2d80:c029:8fed:4035:d0e4:b6c8:57a5,Iowa,2019-02-05T13:22:02.796Z
NFUWA-001-23CFC46AA50210E8C0C16E7FA575DAC1F0B50285F635F1052444718877F0FC6D,US,Netflix Windows App - Cadmium Windows Mobile,Netflix Windows App - Cadmium Windows Mobile,2604:2d80:c029:8fed:4035:d0e4:b6c8:57a5,Iowa,2019-02-05T04:24:00.895Z
NFUWA-001-23CFC46AA50210E8C0C16E7FA575DAC1F0B50285F635F1052444718877F0FC6D,US,Netflix Windows App - Cadmium Windows Mobile,Netflix Windows App - Cadmium Windows Mobile,2604:2d80:c029:8fed:b978:a9d5:b455:b8c6,Iowa,2019-02-04T12:25:16.379Z
NFUWA-001-23CFC46AA50210E8C0C16E7FA575DAC1F0B50285F635F1052444718877F0FC6D,US,Netflix Windows App - Cadmium Windows Mobile,Netflix Windows App - Cadmium Windows Mobile,2604:2d80:c029:8fed:b978:a9d5:b455:b8c6,Iowa,2019-02-04T04:26:31.709Z
NFUWA-001-23CFC46AA50210E8C0C16E7FA575DAC1F0B50285F635F1052444718877F0FC6D,US,Netflix Windows App - Cadmium Windows Mobile,Netflix Windows App - Cadmium Windows Mobile,2604:2d80:c029:8fed:ed19:4637:75d4:e522,Iowa,2019-02-03T19:59:51.828Z
NFUWA-001-23CFC46AA50210E8C0C16E7FA575DAC1F0B50285F635F1052444718877F0FC6D,US,Netflix Windows App - Cadmium Windows Mobile,Netflix Windows App - Cadmium Windows Mobile,173.17.186.134,Iowa,2018-10-15T01:48:42.206Z
RKU-380XX-YF000S455300,US,Roku Streaming Player 38XXX,Roku Amarillo1080 Set Top Box,173.17.186.134,Iowa,2018-07-15T02:19:58.905Z
RKU-7XXXXDYS0046097619,US,Roku TV 7XXXX,Roku Longview DV Smart TV,173.17.186.134,Iowa,2018-06-23T22:54:39.809Z
RKU-7XXXXHYN00N2125085,US,Roku TV 7XXXX,Roku Longview HDR10 Smart TV,173.17.186.134,Iowa,2018-06-15T05:15:58.376Z
RKU-7XXXXHYN00N2125085,US,Roku TV 7XXXX,Roku Longview HDR10 Smart TV,173.17.102.152,Iowa,2018-06-15T03:25:59.021Z
RKU-7XXXXHYN00N2125085,US,Roku TV 7XXXX,Roku Longview HDR10 Smart TV,173.17.102.152,Iowa,2018-06-12T02:00:04.108Z
RKU-7XXXXHYN00N2125085,US,Roku TV 7XXXX,Roku Longview HDR10 Smart TV,173.17.36.24,Iowa,2018-06-10T23:26:51.467Z
RKU-380XX-YF000S455300,SE,Roku Streaming Player 38XXX,Roku Amarillo1080 Set Top Box,209.221.214.154,Stockholm,2018-04-23T16:09:15.274Z
RKU-380XX-YF000S455300,SE,Roku Streaming Player 38XXX,Roku Amarillo1080 Set Top Box,209.221.215.248,Stockholm,2018-04-23T15:46:53.995Z
RKU-380XX-YF000S455300,US,Roku Streaming Player 38XXX,Roku Amarillo1080 Set Top Box,69.160.42.179,Arizona,2018-04-23T15:41:30.437Z
RKU-380XX-YF000S455300,US,Roku Streaming Player 38XXX,Roku Amarillo1080 Set Top Box,69.160.42.173,Arizona,2018-04-23T15:41:25.595Z
RKU-380XX-YF000S455300,SE,Roku Streaming Player 38XXX,Roku Amarillo1080 Set Top Box,209.221.220.227,Stockholm,2018-04-23T15:39:24.080Z
RKU-380XX-YF000S455300,US,Roku Streaming Player 38XXX,Roku Amarillo1080 Set Top Box,38.130.79.199,Illinois,2018-04-17T20:17:43.270Z
RKU-380XX-YF000S455300,GB,Roku Streaming Player 38XXX,Roku Amarillo1080 Set Top Box,185.169.198.19,Unknown,2018-04-17T19:59:06.410Z
